-- MySQL dump 10.13  Distrib 5.7.24, for Linux (x86_64)
--
-- Host: db    Database: exchange_exchange_production
-- ------------------------------------------------------
-- Server version	5.7.24

/*!40101 SET @OLD_CHARACTER_SET_CLIENT=@@CHARACTER_SET_CLIENT */;
/*!40101 SET @OLD_CHARACTER_SET_RESULTS=@@CHARACTER_SET_RESULTS */;
/*!40101 SET @OLD_COLLATION_CONNECTION=@@COLLATION_CONNECTION */;
/*!40101 SET NAMES utf8 */;
/*!40103 SET @OLD_TIME_ZONE=@@TIME_ZONE */;
/*!40103 SET TIME_ZONE='+00:00' */;
/*!40014 SET @OLD_UNIQUE_CHECKS=@@UNIQUE_CHECKS, UNIQUE_CHECKS=0 */;
/*!40014 SET @OLD_FOREIGN_KEY_CHECKS=@@FOREIGN_KEY_CHECKS, FOREIGN_KEY_CHECKS=0 */;
/*!40101 SET @OLD_SQL_MODE=@@SQL_MODE, SQL_MODE='NO_AUTO_VALUE_ON_ZERO' */;
/*!40111 SET @OLD_SQL_NOTES=@@SQL_NOTES, SQL_NOTES=0 */;

--
-- Table structure for table `accounts`
--

DROP TABLE IF EXISTS `accounts`;
/*!40101 SET @saved_cs_client     = @@character_set_client */;
/*!40101 SET character_set_client = utf8 */;
CREATE TABLE `accounts` (
  `id` int(11) NOT NULL AUTO_INCREMENT,
  `member_id` int(11) NOT NULL,
  `currency_id` varchar(10) NOT NULL,
  `balance` decimal(32,16) NOT NULL DEFAULT '0.0000000000000000',
  `locked` decimal(32,16) NOT NULL DEFAULT '0.0000000000000000',
  `created_at` datetime NOT NULL,
  `updated_at` datetime NOT NULL,
  PRIMARY KEY (`id`),
  UNIQUE KEY `index_accounts_on_currency_id_and_member_id` (`currency_id`,`member_id`),
  KEY `index_accounts_on_member_id` (`member_id`) USING BTREE
) ENGINE=InnoDB AUTO_INCREMENT=33 DEFAULT CHARSET=utf8;
/*!40101 SET character_set_client = @saved_cs_client */;

--
-- Dumping data for table `accounts`
--

LOCK TABLES `accounts` WRITE;
/*!40000 ALTER TABLE `accounts` DISABLE KEYS */;
INSERT INTO `accounts` VALUES (1,1,'eth',0.4161118508655127,0.0000000000000000,'2019-01-22 15:23:10','2019-01-22 15:23:10'),(3,1,'trst',0.0000000000000000,0.0000000000000000,'2019-01-22 15:23:10','2019-01-22 15:23:10'),(4,1,'usd',0.0000000000000000,0.0000000000000000,'2019-01-22 15:23:10','2019-01-22 15:23:10'),(5,2,'eth',0.0000000000000000,0.0000000000000000,'2019-01-22 15:44:19','2019-01-22 15:44:19'),(6,2,'kyn',0.0000000000000000,0.0000000000000000,'2019-01-22 15:44:19','2019-01-22 15:44:19'),(7,2,'trst',0.0000000000000000,0.0000000000000000,'2019-01-22 15:44:19','2019-01-22 15:44:19'),(8,2,'usd',10000.0000000000000000,0.0000000000000000,'2019-01-22 15:44:19','2019-01-22 15:44:19'),(9,3,'eth',2.4187850000000000,1.7000000000000000,'2019-01-22 18:03:46','2019-01-22 18:03:46'),(10,3,'kyn',25200.0000000000000000,800.0000000000000000,'2019-01-22 18:03:46','2019-01-22 18:03:46'),(11,3,'trst',0.0000000000000000,0.0000000000000000,'2019-01-22 18:03:46','2019-01-22 18:03:46'),(12,3,'usd',48.7982750000000000,0.0000000000000000,'2019-01-22 18:03:46','2019-01-22 18:03:46'),(13,4,'eth',0.8723200000000000,0.0000000000000000,'2019-01-22 18:37:36','2019-01-22 18:37:36'),(14,4,'kyn',400.0000000000000000,2600.0000000000000000,'2019-01-22 18:37:37','2019-01-22 18:37:37'),(15,4,'trst',0.0000000000000000,0.0000000000000000,'2019-01-22 18:37:37','2019-01-22 18:37:37'),(16,4,'usd',9949.9459850000000000,0.0000000000000000,'2019-01-22 18:37:37','2019-01-22 18:37:37'),(17,5,'eth',0.0000000000000000,0.0000000000000000,'2019-01-23 07:02:02','2019-01-23 07:02:02'),(18,5,'kyn',0.0000000000000000,0.0000000000000000,'2019-01-23 07:02:02','2019-01-23 07:02:02'),(19,5,'trst',0.0000000000000000,0.0000000000000000,'2019-01-23 07:02:02','2019-01-23 07:02:02'),(20,5,'usd',2000.0000000000000000,0.0000000000000000,'2019-01-23 07:02:02','2019-01-23 07:02:02'),(21,6,'eth',0.0000000000000000,0.0000000000000000,'2019-01-23 08:54:39','2019-01-23 08:54:39'),(22,6,'kyn',0.0000000000000000,0.0000000000000000,'2019-01-23 08:54:39','2019-01-23 08:54:39'),(23,6,'trst',0.0000000000000000,0.0000000000000000,'2019-01-23 08:54:39','2019-01-23 08:54:39'),(24,6,'usd',0.0000000000000000,0.0000000000000000,'2019-01-23 08:54:39','2019-01-23 08:54:39'),(25,9,'eth',0.0000000000000000,0.0000000000000000,'2019-01-23 11:07:14','2019-01-23 11:07:14'),(26,9,'kyn',0.0000000000000000,0.0000000000000000,'2019-01-23 11:07:14','2019-01-23 11:07:14'),(27,9,'trst',0.0000000000000000,0.0000000000000000,'2019-01-23 11:07:14','2019-01-23 11:07:14'),(28,9,'usd',0.0000000000000000,0.0000000000000000,'2019-01-23 11:07:14','2019-01-23 11:07:14'),(29,10,'eth',0.0000000000000000,0.0000000000000000,'2019-01-23 11:53:11','2019-01-23 11:53:11'),(30,10,'kyn',0.0000000000000000,0.0000000000000000,'2019-01-23 11:53:11','2019-01-23 11:53:11'),(31,10,'trst',0.0000000000000000,0.0000000000000000,'2019-01-23 11:53:11','2019-01-23 11:53:11'),(32,10,'usd',0.0000000000000000,0.0000000000000000,'2019-01-23 11:53:11','2019-01-23 11:53:11');
/*!40000 ALTER TABLE `accounts` ENABLE KEYS */;
UNLOCK TABLES;

--
-- Table structure for table `assets`
--

DROP TABLE IF EXISTS `assets`;
/*!40101 SET @saved_cs_client     = @@character_set_client */;
/*!40101 SET character_set_client = utf8 */;
CREATE TABLE `assets` (
  `id` int(11) NOT NULL AUTO_INCREMENT,
  `code` int(11) NOT NULL,
  `currency_id` varchar(255) NOT NULL,
  `reference_id` int(11) DEFAULT NULL,
  `reference_type` varchar(255) DEFAULT NULL,
  `debit` decimal(32,16) NOT NULL DEFAULT '0.0000000000000000',
  `credit` decimal(32,16) NOT NULL DEFAULT '0.0000000000000000',
  `created_at` datetime NOT NULL,
  `updated_at` datetime NOT NULL,
  PRIMARY KEY (`id`),
  KEY `index_assets_on_currency_id` (`currency_id`),
  KEY `index_assets_on_reference_type_and_reference_id` (`reference_type`,`reference_id`)
) ENGINE=InnoDB AUTO_INCREMENT=12 DEFAULT CHARSET=utf8;
/*!40101 SET character_set_client = @saved_cs_client */;

--
-- Dumping data for table `assets`
--

LOCK TABLES `assets` WRITE;
/*!40000 ALTER TABLE `assets` DISABLE KEYS */;
INSERT INTO `assets` VALUES (1,102,'eth',1,'Deposit',0.0000000000000000,2.0000000000000000,'2019-01-22 20:25:29','2019-01-22 20:25:29'),(2,102,'kyn',2,'Deposit',0.0000000000000000,1000.0000000000000000,'2019-01-22 21:09:09','2019-01-22 21:09:09'),(3,102,'kyn',3,'Deposit',0.0000000000000000,3000.0000000000000000,'2019-01-23 06:59:00','2019-01-23 06:59:00'),(4,102,'eth',4,'Deposit',0.0000000000000000,1.0000000000000000,'2019-01-23 06:59:32','2019-01-23 06:59:32'),(5,101,'usd',5,'Deposit',0.0000000000000000,10000.0000000000000000,'2019-01-23 07:18:45','2019-01-23 07:18:45'),(6,101,'usd',6,'Deposit',0.0000000000000000,2000.0000000000000000,'2019-01-23 07:18:54','2019-01-23 07:18:54'),(7,101,'usd',7,'Deposit',0.0000000000000000,10000.0000000000000000,'2019-01-23 07:19:00','2019-01-23 07:19:00'),(8,102,'eth',8,'Deposit',0.0000000000000000,0.4161118508655127,'2019-01-23 08:47:25','2019-01-23 08:47:25'),(9,102,'eth',9,'Deposit',0.0000000000000000,1.0000000000000000,'2019-01-23 09:13:34','2019-01-23 09:13:34'),(10,102,'eth',10,'Deposit',0.0000000000000000,1.0000000000000000,'2019-01-23 11:22:47','2019-01-23 11:22:47'),(11,102,'kyn',11,'Deposit',0.0000000000000000,25000.0000000000000000,'2019-01-23 11:24:33','2019-01-23 11:24:33');
/*!40000 ALTER TABLE `assets` ENABLE KEYS */;
UNLOCK TABLES;

--
-- Table structure for table `blockchains`
--

DROP TABLE IF EXISTS `blockchains`;
/*!40101 SET @saved_cs_client     = @@character_set_client */;
/*!40101 SET character_set_client = utf8 */;
CREATE TABLE `blockchains` (
  `id` int(11) NOT NULL AUTO_INCREMENT,
  `key` varchar(255) NOT NULL,
  `name` varchar(255) DEFAULT NULL,
  `client` varchar(255) NOT NULL,
  `server` varchar(255) DEFAULT NULL,
  `height` int(11) NOT NULL,
  `explorer_address` varchar(255) DEFAULT NULL,
  `explorer_transaction` varchar(255) DEFAULT NULL,
  `min_confirmations` int(11) NOT NULL DEFAULT '6',
  `status` varchar(255) NOT NULL,
  `created_at` datetime NOT NULL,
  `updated_at` datetime NOT NULL,
  PRIMARY KEY (`id`),
  UNIQUE KEY `index_blockchains_on_key` (`key`),
  KEY `index_blockchains_on_status` (`status`)
) ENGINE=InnoDB AUTO_INCREMENT=3 DEFAULT CHARSET=utf8;
/*!40101 SET character_set_client = @saved_cs_client */;

--
-- Dumping data for table `blockchains`
--

LOCK TABLES `blockchains` WRITE;
/*!40000 ALTER TABLE `blockchains` DISABLE KEYS */;
INSERT INTO `blockchains` VALUES (1,'eth-rinkeby','Ethereum Rinkeby','ethereum','http://parity:8545',3741720,'https://rinkeby.etherscan.io/address/#{address}','https://rinkeby.etherscan.io/tx/#{txid}',6,'active','2019-01-22 15:18:02','2019-01-23 14:47:31'),(2,'eth-mainet','Ethereum Mainet','ethereum','http://parity:8545',5000000,'https://etherscan.io/address/#{address}','https://etherscan.io/tx/#{txid}',6,'disabled','2019-01-22 15:18:02','2019-01-22 15:18:02');
/*!40000 ALTER TABLE `blockchains` ENABLE KEYS */;
UNLOCK TABLES;

--
-- Table structure for table `currencies`
--

DROP TABLE IF EXISTS `currencies`;
/*!40101 SET @saved_cs_client     = @@character_set_client */;
/*!40101 SET character_set_client = utf8 */;
CREATE TABLE `currencies` (
  `id` varchar(10) NOT NULL,
  `name` varchar(255) DEFAULT NULL,
  `blockchain_key` varchar(32) DEFAULT NULL,
  `symbol` varchar(1) NOT NULL,
  `type` varchar(30) NOT NULL DEFAULT 'coin',
  `deposit_fee` decimal(32,16) NOT NULL DEFAULT '0.0000000000000000',
  `min_deposit_amount` decimal(32,16) NOT NULL DEFAULT '0.0000000000000000',
  `min_collection_amount` decimal(32,16) NOT NULL DEFAULT '0.0000000000000000',
  `withdraw_fee` decimal(32,16) NOT NULL DEFAULT '0.0000000000000000',
  `min_withdraw_amount` decimal(32,16) NOT NULL DEFAULT '0.0000000000000000',
  `withdraw_limit_24h` decimal(32,16) NOT NULL DEFAULT '0.0000000000000000',
  `withdraw_limit_72h` decimal(32,16) NOT NULL DEFAULT '0.0000000000000000',
  `position` int(11) NOT NULL DEFAULT '0',
  `options` varchar(1000) NOT NULL DEFAULT '{}',
  `enabled` tinyint(1) NOT NULL DEFAULT '1',
  `base_factor` bigint(20) NOT NULL DEFAULT '1',
  `precision` tinyint(4) NOT NULL DEFAULT '8',
  `icon_url` varchar(255) DEFAULT NULL,
  `created_at` datetime NOT NULL,
  `updated_at` datetime NOT NULL,
  PRIMARY KEY (`id`),
  KEY `index_currencies_on_enabled` (`enabled`),
  KEY `index_currencies_on_position` (`position`)
) ENGINE=InnoDB DEFAULT CHARSET=utf8;
/*!40101 SET character_set_client = @saved_cs_client */;

--
-- Dumping data for table `currencies`
--

LOCK TABLES `currencies` WRITE;
/*!40000 ALTER TABLE `currencies` DISABLE KEYS */;
INSERT INTO `currencies` VALUES ('eth','Ethereum','eth-rinkeby','Ξ','coin',0.0000000000000000,0.0002100000000000,0.0002100000000000,0.0000000000000000,0.0000000000000000,0.2000000000000000,0.5000000000000001,0,'{\"gas_limit\":21000,\"gas_price\":1000000000}',1,1000000000000000000,8,NULL,'2019-01-22 15:18:02','2019-01-22 15:18:02'),('kyn','Kayen','eth-rinkeby','K','coin',0.0000000000000000,0.0002100000000000,0.0002100000000000,0.0000000000000000,0.0000000000000000,300.0000000000000000,600.0000000000000000,0,'{\"erc20_contract_address\":\"0x4ec07a41b94e035336cca74877319d06964ab76d\",\"gas_limit\":90000,\"gas_price\":1000000000}',1,1000000000000000000,8,'','2019-01-22 15:18:03','2019-01-22 21:08:18'),('trst','WeTrust','eth-rinkeby','Ξ','coin',0.0000000000000000,0.0002100000000000,0.0002100000000000,0.0000000000000000,0.0000000000000000,300.0000000000000000,600.0000000000000000,0,'{\"gas_limit\":90000,\"gas_price\":1000000000,\"erc20_contract_address\":\"0x87099add3bcc0821b5b151307c147215f839a110\"}',1,1000000,8,NULL,'2019-01-22 15:18:03','2019-01-22 15:18:03'),('usd','US Dollar','','$','fiat',0.0000000000000000,0.0000000000000000,0.0000000000000000,0.0000000000000000,0.0000000000000000,100.0000000000000000,200.0000000000000000,0,'{\"erc20_contract_address\":\"\",\"gas_limit\":\"\",\"gas_price\":\"\"}',1,1,2,'','2019-01-22 15:18:02','2019-01-23 09:22:49');
/*!40000 ALTER TABLE `currencies` ENABLE KEYS */;
UNLOCK TABLES;

--
-- Table structure for table `deposits`
--

DROP TABLE IF EXISTS `deposits`;
/*!40101 SET @saved_cs_client     = @@character_set_client */;
/*!40101 SET character_set_client = utf8 */;
CREATE TABLE `deposits` (
  `id` int(11) NOT NULL AUTO_INCREMENT,
  `member_id` int(11) NOT NULL,
  `currency_id` varchar(10) NOT NULL,
  `amount` decimal(32,16) NOT NULL,
  `fee` decimal(32,16) NOT NULL,
  `address` varchar(95) DEFAULT NULL,
  `txid` varchar(128) CHARACTER SET utf8 COLLATE utf8_bin DEFAULT NULL,
  `txout` int(11) DEFAULT NULL,
  `aasm_state` varchar(30) NOT NULL,
  `block_number` int(11) DEFAULT NULL,
  `type` varchar(30) NOT NULL,
  `tid` varchar(64) CHARACTER SET utf8 COLLATE utf8_bin NOT NULL,
  `created_at` datetime NOT NULL,
  `updated_at` datetime NOT NULL,
  `completed_at` datetime DEFAULT NULL,
  PRIMARY KEY (`id`),
  UNIQUE KEY `index_deposits_on_currency_id_and_txid_and_txout` (`currency_id`,`txid`,`txout`),
  KEY `index_deposits_on_currency_id` (`currency_id`),
  KEY `index_deposits_on_type` (`type`),
  KEY `index_deposits_on_member_id_and_txid` (`member_id`,`txid`),
  KEY `index_deposits_on_aasm_state_and_member_id_and_currency_id` (`aasm_state`,`member_id`,`currency_id`),
  KEY `index_deposits_on_tid` (`tid`)
) ENGINE=InnoDB AUTO_INCREMENT=12 DEFAULT CHARSET=utf8;
/*!40101 SET character_set_client = @saved_cs_client */;

--
-- Dumping data for table `deposits`
--

LOCK TABLES `deposits` WRITE;
/*!40000 ALTER TABLE `deposits` DISABLE KEYS */;
INSERT INTO `deposits` VALUES (1,3,'eth',2.0000000000000000,0.0000000000000000,'0x9ddacb6dbfb8cb4d0d39cbd5a69cb76d92303edf','0x2f79af1e70faa3ac8c62cb0f51ebaab4f3f7b92a6670f44b9fbecd93c0041ea0',NULL,'collected',3737312,'Deposits::Coin','TID3BB1D5A12A','2019-01-22 20:24:01','2019-01-22 20:25:31','2019-01-22 20:25:29'),(2,3,'kyn',1000.0000000000000000,0.0000000000000000,'0x61922a271c24fab6b1fd8b822e259d883fad39c3','0x91297ed252ea4ed9bd6da97cbbec3def85932b8a8de228f4807ba04ac2ce235a',0,'collected',3737306,'Deposits::Coin','TID49CB347EA3','2019-01-22 21:09:09','2019-01-22 21:54:00','2019-01-22 21:09:09'),(3,4,'kyn',3000.0000000000000000,0.0000000000000000,'0xec151f867b69704e0612c2bdd9c853fb57094a91','0xf66950ed46b8dd369d382fecc852f6a79d200a11a04ef7895e431dd89cec0da8',7,'collected',3739846,'Deposits::Coin','TID49EE3CB297','2019-01-23 06:57:31','2019-01-23 06:59:14','2019-01-23 06:59:00'),(4,3,'eth',1.0000000000000000,0.0000000000000000,'0x9ddacb6dbfb8cb4d0d39cbd5a69cb76d92303edf','0x6bb7a89209be9d4ec5d72672f077b9c2ef5421a97740461ad2e94553861eeed3',NULL,'collected',3739848,'Deposits::Coin','TIDB3E14FE087','2019-01-23 06:58:03','2019-01-23 06:59:39','2019-01-23 06:59:32'),(5,4,'usd',10000.0000000000000000,0.0000000000000000,NULL,NULL,NULL,'accepted',NULL,'Deposits::Fiat','TIDF88FAEA77E','2019-01-23 07:05:09','2019-01-23 07:18:45','2019-01-23 07:18:45'),(6,5,'usd',2000.0000000000000000,0.0000000000000000,NULL,NULL,NULL,'accepted',NULL,'Deposits::Fiat','TID1F8E5872A2','2019-01-23 07:08:07','2019-01-23 07:18:54','2019-01-23 07:18:54'),(7,2,'usd',10000.0000000000000000,0.0000000000000000,NULL,NULL,NULL,'accepted',NULL,'Deposits::Fiat','TID26C362E896','2019-01-23 07:08:47','2019-01-23 07:19:00','2019-01-23 07:19:00'),(8,1,'eth',0.4161118508655127,0.0000000000000000,'0xe40666e5297b20ed002c94a65f59f36ec2942608','0xa00682b165a4fcc3844121f56c0b03995d8b8ab11c07b71a35bd92654a51cbc1',NULL,'accepted',3740282,'Deposits::Coin','TIDF7F6FBEF4D','2019-01-23 08:46:32','2019-01-23 08:47:25','2019-01-23 08:47:25'),(9,3,'eth',1.0000000000000000,0.0000000000000000,'0x9ddacb6dbfb8cb4d0d39cbd5a69cb76d92303edf','0xe7b18a75e5eb1a6fd3416251e44383b2918d23968762f3dec90ba238a6d2a153',NULL,'collected',3740384,'Deposits::Coin','TID9B224980D2','2019-01-23 09:12:00','2019-01-23 09:13:35','2019-01-23 09:13:34'),(10,3,'eth',1.0000000000000000,0.0000000000000000,'0x9ddacb6dbfb8cb4d0d39cbd5a69cb76d92303edf','0x5eae760a5b33a6c640e1e8092bf408a2e059b9b4ad4c726bf90ea341ae8b732d',NULL,'collected',3740901,'Deposits::Coin','TIDB877B4BDDA','2019-01-23 11:21:17','2019-01-23 11:22:48','2019-01-23 11:22:47'),(11,3,'kyn',25000.0000000000000000,0.0000000000000000,'0x61922a271c24fab6b1fd8b822e259d883fad39c3','0xa27e1f372ece5d4ddb5ef9f89319104abc7a5a61ff639ba6f942d52aebf4a448',0,'collected',3740908,'Deposits::Coin','TIDCDDB6247D0','2019-01-23 11:23:03','2019-01-23 11:24:36','2019-01-23 11:24:33');
/*!40000 ALTER TABLE `deposits` ENABLE KEYS */;
UNLOCK TABLES;

--
-- Table structure for table `expenses`
--

DROP TABLE IF EXISTS `expenses`;
/*!40101 SET @saved_cs_client     = @@character_set_client */;
/*!40101 SET character_set_client = utf8 */;
CREATE TABLE `expenses` (
  `id` int(11) NOT NULL AUTO_INCREMENT,
  `code` int(11) NOT NULL,
  `currency_id` varchar(255) NOT NULL,
  `reference_id` int(11) DEFAULT NULL,
  `reference_type` varchar(255) DEFAULT NULL,
  `debit` decimal(32,16) NOT NULL DEFAULT '0.0000000000000000',
  `credit` decimal(32,16) NOT NULL DEFAULT '0.0000000000000000',
  `created_at` datetime NOT NULL,
  `updated_at` datetime NOT NULL,
  PRIMARY KEY (`id`),
  KEY `index_expenses_on_currency_id` (`currency_id`),
  KEY `index_expenses_on_reference_type_and_reference_id` (`reference_type`,`reference_id`)
) ENGINE=InnoDB DEFAULT CHARSET=utf8;
/*!40101 SET character_set_client = @saved_cs_client */;

--
-- Dumping data for table `expenses`
--

LOCK TABLES `expenses` WRITE;
/*!40000 ALTER TABLE `expenses` DISABLE KEYS */;
/*!40000 ALTER TABLE `expenses` ENABLE KEYS */;
UNLOCK TABLES;

--
-- Table structure for table `liabilities`
--

DROP TABLE IF EXISTS `liabilities`;
/*!40101 SET @saved_cs_client     = @@character_set_client */;
/*!40101 SET character_set_client = utf8 */;
CREATE TABLE `liabilities` (
  `id` int(11) NOT NULL AUTO_INCREMENT,
  `code` int(11) NOT NULL,
  `currency_id` varchar(255) NOT NULL,
  `member_id` int(11) DEFAULT NULL,
  `reference_id` int(11) DEFAULT NULL,
  `reference_type` varchar(255) DEFAULT NULL,
  `debit` decimal(32,16) NOT NULL DEFAULT '0.0000000000000000',
  `credit` decimal(32,16) NOT NULL DEFAULT '0.0000000000000000',
  `created_at` datetime NOT NULL,
  `updated_at` datetime NOT NULL,
  PRIMARY KEY (`id`),
  KEY `index_liabilities_on_currency_id` (`currency_id`),
  KEY `index_liabilities_on_member_id` (`member_id`),
  KEY `index_liabilities_on_reference_type_and_reference_id` (`reference_type`,`reference_id`)
) ENGINE=InnoDB AUTO_INCREMENT=482 DEFAULT CHARSET=utf8;
/*!40101 SET character_set_client = @saved_cs_client */;

--
-- Dumping data for table `liabilities`
--

LOCK TABLES `liabilities` WRITE;
/*!40000 ALTER TABLE `liabilities` DISABLE KEYS */;
INSERT INTO `liabilities` VALUES (1,202,'eth',3,1,'Deposit',0.0000000000000000,2.0000000000000000,'2019-01-22 20:25:29','2019-01-22 20:25:29'),(2,202,'kyn',3,2,'Deposit',0.0000000000000000,1000.0000000000000000,'2019-01-22 21:09:09','2019-01-22 21:09:09'),(3,202,'kyn',4,3,'Deposit',0.0000000000000000,3000.0000000000000000,'2019-01-23 06:59:00','2019-01-23 06:59:00'),(4,202,'eth',3,4,'Deposit',0.0000000000000000,1.0000000000000000,'2019-01-23 06:59:32','2019-01-23 06:59:32'),(5,201,'usd',4,5,'Deposit',0.0000000000000000,10000.0000000000000000,'2019-01-23 07:18:45','2019-01-23 07:18:45'),(6,201,'usd',5,6,'Deposit',0.0000000000000000,2000.0000000000000000,'2019-01-23 07:18:54','2019-01-23 07:18:54'),(7,201,'usd',2,7,'Deposit',0.0000000000000000,10000.0000000000000000,'2019-01-23 07:19:00','2019-01-23 07:19:00'),(8,201,'usd',4,1,'Order',23.6000000000000000,0.0000000000000000,'2019-01-23 07:22:04','2019-01-23 07:22:04'),(9,211,'usd',4,1,'Order',0.0000000000000000,23.6000000000000000,'2019-01-23 07:22:04','2019-01-23 07:22:04'),(10,201,'usd',4,2,'Order',34.5000000000000000,0.0000000000000000,'2019-01-23 07:22:27','2019-01-23 07:22:27'),(11,211,'usd',4,2,'Order',0.0000000000000000,34.5000000000000000,'2019-01-23 07:22:27','2019-01-23 07:22:27'),(12,201,'usd',4,3,'Order',22.4000000000000000,0.0000000000000000,'2019-01-23 07:22:39','2019-01-23 07:22:39'),(13,211,'usd',4,3,'Order',0.0000000000000000,22.4000000000000000,'2019-01-23 07:22:39','2019-01-23 07:22:39'),(14,201,'usd',4,4,'Order',43.2000000000000000,0.0000000000000000,'2019-01-23 07:22:47','2019-01-23 07:22:47'),(15,211,'usd',4,4,'Order',0.0000000000000000,43.2000000000000000,'2019-01-23 07:22:47','2019-01-23 07:22:47'),(16,201,'usd',4,5,'Order',99.0000000000000000,0.0000000000000000,'2019-01-23 07:23:03','2019-01-23 07:23:03'),(17,211,'usd',4,5,'Order',0.0000000000000000,99.0000000000000000,'2019-01-23 07:23:03','2019-01-23 07:23:03'),(18,202,'kyn',4,6,'Order',300.0000000000000000,0.0000000000000000,'2019-01-23 07:27:11','2019-01-23 07:27:11'),(19,212,'kyn',4,6,'Order',0.0000000000000000,300.0000000000000000,'2019-01-23 07:27:11','2019-01-23 07:27:11'),(20,202,'kyn',4,7,'Order',500.0000000000000000,0.0000000000000000,'2019-01-23 07:27:53','2019-01-23 07:27:53'),(21,212,'kyn',4,7,'Order',0.0000000000000000,500.0000000000000000,'2019-01-23 07:27:53','2019-01-23 07:27:53'),(22,202,'kyn',4,8,'Order',800.0000000000000000,0.0000000000000000,'2019-01-23 07:28:19','2019-01-23 07:28:19'),(23,212,'kyn',4,8,'Order',0.0000000000000000,800.0000000000000000,'2019-01-23 07:28:19','2019-01-23 07:28:19'),(24,202,'kyn',4,9,'Order',1000.0000000000000000,0.0000000000000000,'2019-01-23 07:28:28','2019-01-23 07:28:28'),(25,212,'kyn',4,9,'Order',0.0000000000000000,1000.0000000000000000,'2019-01-23 07:28:28','2019-01-23 07:28:28'),(26,202,'eth',3,10,'Order',0.2000000000000000,0.0000000000000000,'2019-01-23 07:32:23','2019-01-23 07:32:23'),(27,212,'eth',3,10,'Order',0.0000000000000000,0.2000000000000000,'2019-01-23 07:32:23','2019-01-23 07:32:23'),(28,202,'eth',3,11,'Order',0.3000000000000000,0.0000000000000000,'2019-01-23 07:32:39','2019-01-23 07:32:39'),(29,212,'eth',3,11,'Order',0.0000000000000000,0.3000000000000000,'2019-01-23 07:32:39','2019-01-23 07:32:39'),(30,202,'eth',3,12,'Order',0.5000000000000000,0.0000000000000000,'2019-01-23 07:32:49','2019-01-23 07:32:49'),(31,212,'eth',3,12,'Order',0.0000000000000000,0.5000000000000000,'2019-01-23 07:32:49','2019-01-23 07:32:49'),(32,202,'eth',3,13,'Order',0.5000000000000000,0.0000000000000000,'2019-01-23 07:32:58','2019-01-23 07:32:58'),(33,212,'eth',3,13,'Order',0.0000000000000000,0.5000000000000000,'2019-01-23 07:32:58','2019-01-23 07:32:58'),(34,202,'eth',3,14,'Order',0.3000000000000000,0.0000000000000000,'2019-01-23 07:33:13','2019-01-23 07:33:13'),(35,212,'eth',3,14,'Order',0.0000000000000000,0.3000000000000000,'2019-01-23 07:33:13','2019-01-23 07:33:13'),(36,202,'eth',3,15,'Order',0.4500000000000000,0.0000000000000000,'2019-01-23 07:37:32','2019-01-23 07:37:32'),(37,212,'eth',3,15,'Order',0.0000000000000000,0.4500000000000000,'2019-01-23 07:37:32','2019-01-23 07:37:32'),(38,202,'eth',3,16,'Order',0.4000000000000000,0.0000000000000000,'2019-01-23 07:37:47','2019-01-23 07:37:47'),(39,212,'eth',3,16,'Order',0.0000000000000000,0.4000000000000000,'2019-01-23 07:37:47','2019-01-23 07:37:47'),(40,212,'eth',3,12,'Order',0.5000000000000000,0.0000000000000000,'2019-01-23 07:42:10','2019-01-23 07:42:10'),(41,202,'eth',3,12,'Order',0.0000000000000000,0.5000000000000000,'2019-01-23 07:42:10','2019-01-23 07:42:10'),(42,202,'eth',3,20,'Order',0.4500000000000000,0.0000000000000000,'2019-01-23 07:43:19','2019-01-23 07:43:19'),(43,212,'eth',3,20,'Order',0.0000000000000000,0.4500000000000000,'2019-01-23 07:43:19','2019-01-23 07:43:19'),(44,202,'eth',3,21,'Order',0.4000000000000000,0.0000000000000000,'2019-01-23 07:43:34','2019-01-23 07:43:34'),(45,212,'eth',3,21,'Order',0.0000000000000000,0.4000000000000000,'2019-01-23 07:43:34','2019-01-23 07:43:34'),(46,202,'kyn',3,22,'Order',300.0000000000000000,0.0000000000000000,'2019-01-23 07:44:10','2019-01-23 07:44:10'),(47,212,'kyn',3,22,'Order',0.0000000000000000,300.0000000000000000,'2019-01-23 07:44:10','2019-01-23 07:44:10'),(48,202,'kyn',3,23,'Order',500.0000000000000000,0.0000000000000000,'2019-01-23 07:45:28','2019-01-23 07:45:28'),(49,212,'kyn',3,23,'Order',0.0000000000000000,500.0000000000000000,'2019-01-23 07:45:28','2019-01-23 07:45:28'),(50,202,'eth',1,8,'Deposit',0.0000000000000000,0.4161118508655127,'2019-01-23 08:47:25','2019-01-23 08:47:25'),(51,212,'eth',3,13,'Order',0.5000000000000000,0.0000000000000000,'2019-01-23 08:58:34','2019-01-23 08:58:34'),(52,202,'eth',3,13,'Order',0.0000000000000000,0.5000000000000000,'2019-01-23 08:58:34','2019-01-23 08:58:34'),(53,201,'usd',4,24,'Order',11.8500000000000000,0.0000000000000000,'2019-01-23 08:59:19','2019-01-23 08:59:19'),(54,211,'usd',4,24,'Order',0.0000000000000000,11.8500000000000000,'2019-01-23 08:59:19','2019-01-23 08:59:19'),(55,202,'eth',3,25,'Order',0.1000000000000000,0.0000000000000000,'2019-01-23 09:00:04','2019-01-23 09:00:04'),(56,212,'eth',3,25,'Order',0.0000000000000000,0.1000000000000000,'2019-01-23 09:00:04','2019-01-23 09:00:04'),(57,212,'eth',3,1,'Trade',0.1000000000000000,0.0000000000000000,'2019-01-23 09:00:05','2019-01-23 09:00:05'),(58,211,'usd',4,1,'Trade',11.8500000000000000,0.0000000000000000,'2019-01-23 09:00:05','2019-01-23 09:00:05'),(59,201,'usd',3,1,'Trade',0.0000000000000000,11.8322250000000000,'2019-01-23 09:00:05','2019-01-23 09:00:05'),(60,202,'eth',4,1,'Trade',0.0000000000000000,0.0998500000000000,'2019-01-23 09:00:05','2019-01-23 09:00:05'),(61,201,'usd',4,26,'Order',13.0900000000000000,0.0000000000000000,'2019-01-23 09:02:02','2019-01-23 09:02:02'),(62,211,'usd',4,26,'Order',0.0000000000000000,13.0900000000000000,'2019-01-23 09:02:02','2019-01-23 09:02:02'),(63,212,'eth',3,2,'Trade',0.1000000000000000,0.0000000000000000,'2019-01-23 09:02:02','2019-01-23 09:02:02'),(64,211,'usd',4,2,'Trade',11.9000000000000000,0.0000000000000000,'2019-01-23 09:02:02','2019-01-23 09:02:02'),(65,201,'usd',3,2,'Trade',0.0000000000000000,11.8821500000000000,'2019-01-23 09:02:02','2019-01-23 09:02:02'),(66,202,'eth',4,2,'Trade',0.0000000000000000,0.0998500000000000,'2019-01-23 09:02:02','2019-01-23 09:02:02'),(67,211,'usd',4,2,'Trade',1.1900000000000000,0.0000000000000000,'2019-01-23 09:02:02','2019-01-23 09:02:02'),(68,201,'usd',4,2,'Trade',0.0000000000000000,1.1900000000000000,'2019-01-23 09:02:02','2019-01-23 09:02:02'),(69,201,'usd',4,27,'Order',29.2500000000000000,0.0000000000000000,'2019-01-23 09:03:54','2019-01-23 09:03:54'),(70,211,'usd',4,27,'Order',0.0000000000000000,29.2500000000000000,'2019-01-23 09:03:54','2019-01-23 09:03:54'),(71,201,'usd',4,28,'Order',32.4800000000000000,0.0000000000000000,'2019-01-23 09:04:31','2019-01-23 09:04:31'),(72,211,'usd',4,28,'Order',0.0000000000000000,32.4800000000000000,'2019-01-23 09:04:31','2019-01-23 09:04:31'),(73,201,'usd',4,29,'Order',31.9200000000000000,0.0000000000000000,'2019-01-23 09:05:02','2019-01-23 09:05:02'),(74,211,'usd',4,29,'Order',0.0000000000000000,31.9200000000000000,'2019-01-23 09:05:02','2019-01-23 09:05:02'),(75,201,'usd',4,30,'Order',28.2500000000000000,0.0000000000000000,'2019-01-23 09:05:16','2019-01-23 09:05:16'),(76,211,'usd',4,30,'Order',0.0000000000000000,28.2500000000000000,'2019-01-23 09:05:16','2019-01-23 09:05:16'),(77,201,'usd',4,31,'Order',23.3100000000000000,0.0000000000000000,'2019-01-23 09:12:50','2019-01-23 09:12:50'),(78,211,'usd',4,31,'Order',0.0000000000000000,23.3100000000000000,'2019-01-23 09:12:50','2019-01-23 09:12:50'),(79,202,'eth',3,9,'Deposit',0.0000000000000000,1.0000000000000000,'2019-01-23 09:13:34','2019-01-23 09:13:34'),(80,202,'eth',3,32,'Order',0.0500000000000000,0.0000000000000000,'2019-01-23 09:22:02','2019-01-23 09:22:02'),(81,212,'eth',3,32,'Order',0.0000000000000000,0.0500000000000000,'2019-01-23 09:22:02','2019-01-23 09:22:02'),(82,202,'eth',3,33,'Order',0.0800000000000000,0.0000000000000000,'2019-01-23 09:22:17','2019-01-23 09:22:17'),(83,212,'eth',3,33,'Order',0.0000000000000000,0.0800000000000000,'2019-01-23 09:22:17','2019-01-23 09:22:17'),(84,202,'eth',3,34,'Order',0.0900000000000000,0.0000000000000000,'2019-01-23 09:22:28','2019-01-23 09:22:28'),(85,212,'eth',3,34,'Order',0.0000000000000000,0.0900000000000000,'2019-01-23 09:22:28','2019-01-23 09:22:28'),(86,202,'eth',3,35,'Order',0.3000000000000000,0.0000000000000000,'2019-01-23 09:22:38','2019-01-23 09:22:38'),(87,212,'eth',3,35,'Order',0.0000000000000000,0.3000000000000000,'2019-01-23 09:22:38','2019-01-23 09:22:38'),(88,202,'eth',3,36,'Order',0.1000000000000000,0.0000000000000000,'2019-01-23 09:23:15','2019-01-23 09:23:15'),(89,212,'eth',3,36,'Order',0.0000000000000000,0.1000000000000000,'2019-01-23 09:23:15','2019-01-23 09:23:15'),(90,202,'eth',3,37,'Order',0.2000000000000000,0.0000000000000000,'2019-01-23 09:23:24','2019-01-23 09:23:24'),(91,212,'eth',3,37,'Order',0.0000000000000000,0.2000000000000000,'2019-01-23 09:23:24','2019-01-23 09:23:24'),(92,202,'eth',3,10,'Deposit',0.0000000000000000,1.0000000000000000,'2019-01-23 11:22:47','2019-01-23 11:22:47'),(93,202,'kyn',3,11,'Deposit',0.0000000000000000,25000.0000000000000000,'2019-01-23 11:24:33','2019-01-23 11:24:33'),(94,201,'usd',3,38,'Order',11.9000000000000000,0.0000000000000000,'2019-01-23 11:30:51','2019-01-23 11:30:51'),(95,211,'usd',3,38,'Order',0.0000000000000000,11.9000000000000000,'2019-01-23 11:30:51','2019-01-23 11:30:51'),(96,212,'eth',3,3,'Trade',0.1000000000000000,0.0000000000000000,'2019-01-23 11:30:51','2019-01-23 11:30:51'),(97,211,'usd',3,3,'Trade',11.9000000000000000,0.0000000000000000,'2019-01-23 11:30:51','2019-01-23 11:30:51'),(98,201,'usd',3,3,'Trade',0.0000000000000000,11.8821500000000000,'2019-01-23 11:30:51','2019-01-23 11:30:51'),(99,202,'eth',3,3,'Trade',0.0000000000000000,0.0998500000000000,'2019-01-23 11:30:51','2019-01-23 11:30:51'),(100,202,'eth',4,40,'Order',0.1000000000000000,0.0000000000000000,'2019-01-23 11:31:21','2019-01-23 11:31:21'),(101,212,'eth',4,40,'Order',0.0000000000000000,0.1000000000000000,'2019-01-23 11:31:21','2019-01-23 11:31:21'),(102,212,'eth',4,4,'Trade',0.1000000000000000,0.0000000000000000,'2019-01-23 11:31:21','2019-01-23 11:31:21'),(103,211,'usd',4,4,'Trade',11.8000000000000000,0.0000000000000000,'2019-01-23 11:31:21','2019-01-23 11:31:21'),(104,201,'usd',4,4,'Trade',0.0000000000000000,11.7823000000000000,'2019-01-23 11:31:21','2019-01-23 11:31:21'),(105,202,'eth',4,4,'Trade',0.0000000000000000,0.0998500000000000,'2019-01-23 11:31:21','2019-01-23 11:31:21'),(106,202,'eth',4,41,'Order',0.1000000000000000,0.0000000000000000,'2019-01-23 11:31:36','2019-01-23 11:31:36'),(107,212,'eth',4,41,'Order',0.0000000000000000,0.1000000000000000,'2019-01-23 11:31:36','2019-01-23 11:31:36'),(108,212,'eth',4,5,'Trade',0.1000000000000000,0.0000000000000000,'2019-01-23 11:31:36','2019-01-23 11:31:36'),(109,211,'usd',4,5,'Trade',11.8000000000000000,0.0000000000000000,'2019-01-23 11:31:36','2019-01-23 11:31:36'),(110,201,'usd',4,5,'Trade',0.0000000000000000,11.7823000000000000,'2019-01-23 11:31:36','2019-01-23 11:31:36'),(111,202,'eth',4,5,'Trade',0.0000000000000000,0.0998500000000000,'2019-01-23 11:31:36','2019-01-23 11:31:36'),(112,201,'usd',4,44,'Order',22.0000000000000000,0.0000000000000000,'2019-01-23 11:32:20','2019-01-23 11:32:20'),(113,211,'usd',4,44,'Order',0.0000000000000000,22.0000000000000000,'2019-01-23 11:32:20','2019-01-23 11:32:20'),(114,201,'usd',4,45,'Order',23.0000000000000000,0.0000000000000000,'2019-01-23 11:32:31','2019-01-23 11:32:31'),(115,211,'usd',4,45,'Order',0.0000000000000000,23.0000000000000000,'2019-01-23 11:32:31','2019-01-23 11:32:31'),(116,201,'usd',4,46,'Order',26.8400000000000000,0.0000000000000000,'2019-01-23 11:32:43','2019-01-23 11:32:43'),(117,211,'usd',4,46,'Order',0.0000000000000000,26.8400000000000000,'2019-01-23 11:32:43','2019-01-23 11:32:43'),(118,212,'eth',3,6,'Trade',0.2000000000000000,0.0000000000000000,'2019-01-23 11:32:43','2019-01-23 11:32:43'),(119,211,'usd',4,6,'Trade',24.4000000000000000,0.0000000000000000,'2019-01-23 11:32:43','2019-01-23 11:32:43'),(120,201,'usd',3,6,'Trade',0.0000000000000000,24.3634000000000000,'2019-01-23 11:32:43','2019-01-23 11:32:43'),(121,202,'eth',4,6,'Trade',0.0000000000000000,0.1997000000000000,'2019-01-23 11:32:43','2019-01-23 11:32:43'),(122,211,'usd',4,6,'Trade',2.4400000000000000,0.0000000000000000,'2019-01-23 11:32:43','2019-01-23 11:32:43'),(123,201,'usd',4,6,'Trade',0.0000000000000000,2.4400000000000000,'2019-01-23 11:32:43','2019-01-23 11:32:43'),(124,202,'eth',3,47,'Order',0.4000000000000000,0.0000000000000000,'2019-01-23 11:32:45','2019-01-23 11:32:45'),(125,212,'eth',3,47,'Order',0.0000000000000000,0.4000000000000000,'2019-01-23 11:32:45','2019-01-23 11:32:45'),(126,212,'eth',3,7,'Trade',0.2500000000000000,0.0000000000000000,'2019-01-23 11:32:45','2019-01-23 11:32:45'),(127,211,'usd',4,7,'Trade',29.2500000000000000,0.0000000000000000,'2019-01-23 11:32:45','2019-01-23 11:32:45'),(128,201,'usd',3,7,'Trade',0.0000000000000000,29.2061250000000000,'2019-01-23 11:32:45','2019-01-23 11:32:45'),(129,202,'eth',4,7,'Trade',0.0000000000000000,0.2496250000000000,'2019-01-23 11:32:45','2019-01-23 11:32:45'),(130,212,'eth',3,8,'Trade',0.1500000000000000,0.0000000000000000,'2019-01-23 11:32:45','2019-01-23 11:32:45'),(131,211,'usd',4,8,'Trade',17.4000000000000000,0.0000000000000000,'2019-01-23 11:32:45','2019-01-23 11:32:45'),(132,201,'usd',3,8,'Trade',0.0000000000000000,17.3739000000000000,'2019-01-23 11:32:45','2019-01-23 11:32:45'),(133,202,'eth',4,8,'Trade',0.0000000000000000,0.1497750000000000,'2019-01-23 11:32:45','2019-01-23 11:32:45'),(134,202,'eth',4,48,'Order',0.1000000000000000,0.0000000000000000,'2019-01-23 11:32:53','2019-01-23 11:32:53'),(135,212,'eth',4,48,'Order',0.0000000000000000,0.1000000000000000,'2019-01-23 11:32:53','2019-01-23 11:32:53'),(136,212,'eth',4,9,'Trade',0.1000000000000000,0.0000000000000000,'2019-01-23 11:32:53','2019-01-23 11:32:53'),(137,211,'usd',4,9,'Trade',11.6000000000000000,0.0000000000000000,'2019-01-23 11:32:53','2019-01-23 11:32:53'),(138,201,'usd',4,9,'Trade',0.0000000000000000,11.5826000000000000,'2019-01-23 11:32:53','2019-01-23 11:32:53'),(139,202,'eth',4,9,'Trade',0.0000000000000000,0.0998500000000000,'2019-01-23 11:32:53','2019-01-23 11:32:53'),(140,201,'usd',4,49,'Order',27.7200000000000000,0.0000000000000000,'2019-01-23 11:33:18','2019-01-23 11:33:18'),(141,211,'usd',4,49,'Order',0.0000000000000000,27.7200000000000000,'2019-01-23 11:33:18','2019-01-23 11:33:18'),(142,212,'eth',3,10,'Trade',0.1000000000000000,0.0000000000000000,'2019-01-23 11:33:18','2019-01-23 11:33:18'),(143,211,'usd',4,10,'Trade',12.2000000000000000,0.0000000000000000,'2019-01-23 11:33:18','2019-01-23 11:33:18'),(144,201,'usd',3,10,'Trade',0.0000000000000000,12.1817000000000000,'2019-01-23 11:33:18','2019-01-23 11:33:18'),(145,202,'eth',4,10,'Trade',0.0000000000000000,0.0998500000000000,'2019-01-23 11:33:18','2019-01-23 11:33:18'),(146,212,'eth',3,11,'Trade',0.0500000000000000,0.0000000000000000,'2019-01-23 11:33:18','2019-01-23 11:33:18'),(147,211,'usd',4,11,'Trade',6.2500000000000000,0.0000000000000000,'2019-01-23 11:33:18','2019-01-23 11:33:18'),(148,201,'usd',3,11,'Trade',0.0000000000000000,6.2406250000000000,'2019-01-23 11:33:18','2019-01-23 11:33:18'),(149,202,'eth',4,11,'Trade',0.0000000000000000,0.0499250000000000,'2019-01-23 11:33:18','2019-01-23 11:33:18'),(150,212,'eth',3,12,'Trade',0.0500000000000000,0.0000000000000000,'2019-01-23 11:33:18','2019-01-23 11:33:18'),(151,211,'usd',4,12,'Trade',6.7500000000000000,0.0000000000000000,'2019-01-23 11:33:18','2019-01-23 11:33:18'),(152,201,'usd',3,12,'Trade',0.0000000000000000,6.7398750000000000,'2019-01-23 11:33:18','2019-01-23 11:33:18'),(153,202,'eth',4,12,'Trade',0.0000000000000000,0.0499250000000000,'2019-01-23 11:33:18','2019-01-23 11:33:18'),(154,211,'usd',4,12,'Trade',2.5200000000000000,0.0000000000000000,'2019-01-23 11:33:18','2019-01-23 11:33:18'),(155,201,'usd',4,12,'Trade',0.0000000000000000,2.5200000000000000,'2019-01-23 11:33:18','2019-01-23 11:33:18'),(156,202,'eth',4,50,'Order',0.1000000000000000,0.0000000000000000,'2019-01-23 11:33:28','2019-01-23 11:33:28'),(157,212,'eth',4,50,'Order',0.0000000000000000,0.1000000000000000,'2019-01-23 11:33:28','2019-01-23 11:33:28'),(158,212,'eth',4,13,'Trade',0.0300000000000000,0.0000000000000000,'2019-01-23 11:33:28','2019-01-23 11:33:28'),(159,211,'usd',4,13,'Trade',3.4800000000000000,0.0000000000000000,'2019-01-23 11:33:28','2019-01-23 11:33:28'),(160,201,'usd',4,13,'Trade',0.0000000000000000,3.4747800000000000,'2019-01-23 11:33:28','2019-01-23 11:33:28'),(161,202,'eth',4,13,'Trade',0.0000000000000000,0.0299550000000000,'2019-01-23 11:33:28','2019-01-23 11:33:28'),(162,212,'eth',4,14,'Trade',0.0700000000000000,0.0000000000000000,'2019-01-23 11:33:28','2019-01-23 11:33:28'),(163,211,'usd',4,14,'Trade',8.0500000000000000,0.0000000000000000,'2019-01-23 11:33:28','2019-01-23 11:33:28'),(164,201,'usd',4,14,'Trade',0.0000000000000000,8.0379250000000000,'2019-01-23 11:33:28','2019-01-23 11:33:28'),(165,202,'eth',4,14,'Trade',0.0000000000000000,0.0698950000000000,'2019-01-23 11:33:28','2019-01-23 11:33:28'),(166,202,'eth',4,51,'Order',0.1000000000000000,0.0000000000000000,'2019-01-23 11:33:43','2019-01-23 11:33:43'),(167,212,'eth',4,51,'Order',0.0000000000000000,0.1000000000000000,'2019-01-23 11:33:43','2019-01-23 11:33:43'),(168,212,'eth',4,15,'Trade',0.1000000000000000,0.0000000000000000,'2019-01-23 11:33:43','2019-01-23 11:33:43'),(169,211,'usd',4,15,'Trade',11.5000000000000000,0.0000000000000000,'2019-01-23 11:33:43','2019-01-23 11:33:43'),(170,201,'usd',4,15,'Trade',0.0000000000000000,11.4827500000000000,'2019-01-23 11:33:43','2019-01-23 11:33:43'),(171,202,'eth',4,15,'Trade',0.0000000000000000,0.0998500000000000,'2019-01-23 11:33:43','2019-01-23 11:33:43'),(172,201,'usd',4,52,'Order',45.1440000000000000,0.0000000000000000,'2019-01-23 11:34:00','2019-01-23 11:34:00'),(173,211,'usd',4,52,'Order',0.0000000000000000,45.1440000000000000,'2019-01-23 11:34:00','2019-01-23 11:34:00'),(174,212,'eth',3,16,'Trade',0.0300000000000000,0.0000000000000000,'2019-01-23 11:34:00','2019-01-23 11:34:00'),(175,211,'usd',4,16,'Trade',4.0500000000000000,0.0000000000000000,'2019-01-23 11:34:00','2019-01-23 11:34:00'),(176,201,'usd',3,16,'Trade',0.0000000000000000,4.0439250000000000,'2019-01-23 11:34:00','2019-01-23 11:34:00'),(177,202,'eth',4,16,'Trade',0.0000000000000000,0.0299550000000000,'2019-01-23 11:34:00','2019-01-23 11:34:00'),(178,212,'eth',3,17,'Trade',0.2700000000000000,0.0000000000000000,'2019-01-23 11:34:00','2019-01-23 11:34:00'),(179,211,'usd',4,17,'Trade',36.9900000000000000,0.0000000000000000,'2019-01-23 11:34:00','2019-01-23 11:34:00'),(180,201,'usd',3,17,'Trade',0.0000000000000000,36.9345150000000000,'2019-01-23 11:34:00','2019-01-23 11:34:00'),(181,202,'eth',4,17,'Trade',0.0000000000000000,0.2695950000000000,'2019-01-23 11:34:00','2019-01-23 11:34:00'),(182,211,'usd',4,17,'Trade',4.1040000000000000,0.0000000000000000,'2019-01-23 11:34:00','2019-01-23 11:34:00'),(183,201,'usd',4,17,'Trade',0.0000000000000000,4.1040000000000000,'2019-01-23 11:34:00','2019-01-23 11:34:00'),(184,202,'eth',4,53,'Order',0.1000000000000000,0.0000000000000000,'2019-01-23 11:34:46','2019-01-23 11:34:46'),(185,212,'eth',4,53,'Order',0.0000000000000000,0.1000000000000000,'2019-01-23 11:34:46','2019-01-23 11:34:46'),(186,212,'eth',4,18,'Trade',0.1000000000000000,0.0000000000000000,'2019-01-23 11:34:46','2019-01-23 11:34:46'),(187,211,'usd',4,18,'Trade',11.5000000000000000,0.0000000000000000,'2019-01-23 11:34:46','2019-01-23 11:34:46'),(188,201,'usd',4,18,'Trade',0.0000000000000000,11.4827500000000000,'2019-01-23 11:34:46','2019-01-23 11:34:46'),(189,202,'eth',4,18,'Trade',0.0000000000000000,0.0998500000000000,'2019-01-23 11:34:46','2019-01-23 11:34:46'),(190,202,'eth',4,54,'Order',0.1000000000000000,0.0000000000000000,'2019-01-23 11:35:10','2019-01-23 11:35:10'),(191,212,'eth',4,54,'Order',0.0000000000000000,0.1000000000000000,'2019-01-23 11:35:10','2019-01-23 11:35:10'),(192,212,'eth',4,19,'Trade',0.0300000000000000,0.0000000000000000,'2019-01-23 11:35:10','2019-01-23 11:35:10'),(193,211,'usd',4,19,'Trade',3.4500000000000000,0.0000000000000000,'2019-01-23 11:35:10','2019-01-23 11:35:10'),(194,201,'usd',4,19,'Trade',0.0000000000000000,3.4448250000000000,'2019-01-23 11:35:10','2019-01-23 11:35:10'),(195,202,'eth',4,19,'Trade',0.0000000000000000,0.0299550000000000,'2019-01-23 11:35:10','2019-01-23 11:35:10'),(196,212,'eth',4,20,'Trade',0.0700000000000000,0.0000000000000000,'2019-01-23 11:35:10','2019-01-23 11:35:10'),(197,211,'usd',4,20,'Trade',8.0500000000000000,0.0000000000000000,'2019-01-23 11:35:10','2019-01-23 11:35:10'),(198,201,'usd',4,20,'Trade',0.0000000000000000,8.0379250000000000,'2019-01-23 11:35:10','2019-01-23 11:35:10'),(199,202,'eth',4,20,'Trade',0.0000000000000000,0.0698950000000000,'2019-01-23 11:35:10','2019-01-23 11:35:10'),(200,201,'usd',4,55,'Order',17.2500000000000000,0.0000000000000000,'2019-01-23 11:35:23','2019-01-23 11:35:23'),(201,211,'usd',4,55,'Order',0.0000000000000000,17.2500000000000000,'2019-01-23 11:35:23','2019-01-23 11:35:23'),(202,201,'usd',4,56,'Order',11.0000000000000000,0.0000000000000000,'2019-01-23 11:35:54','2019-01-23 11:35:54'),(203,211,'usd',4,56,'Order',0.0000000000000000,11.0000000000000000,'2019-01-23 11:35:54','2019-01-23 11:35:54'),(204,202,'eth',4,57,'Order',0.2000000000000000,0.0000000000000000,'2019-01-23 11:36:07','2019-01-23 11:36:07'),(205,212,'eth',4,57,'Order',0.0000000000000000,0.2000000000000000,'2019-01-23 11:36:07','2019-01-23 11:36:07'),(206,212,'eth',4,21,'Trade',0.1300000000000000,0.0000000000000000,'2019-01-23 11:36:07','2019-01-23 11:36:07'),(207,211,'usd',4,21,'Trade',14.9500000000000000,0.0000000000000000,'2019-01-23 11:36:07','2019-01-23 11:36:07'),(208,201,'usd',4,21,'Trade',0.0000000000000000,14.9275750000000000,'2019-01-23 11:36:07','2019-01-23 11:36:07'),(209,202,'eth',4,21,'Trade',0.0000000000000000,0.1298050000000000,'2019-01-23 11:36:07','2019-01-23 11:36:07'),(210,212,'eth',4,22,'Trade',0.0700000000000000,0.0000000000000000,'2019-01-23 11:36:07','2019-01-23 11:36:07'),(211,211,'usd',4,22,'Trade',8.0500000000000000,0.0000000000000000,'2019-01-23 11:36:07','2019-01-23 11:36:07'),(212,201,'usd',4,22,'Trade',0.0000000000000000,8.0379250000000000,'2019-01-23 11:36:07','2019-01-23 11:36:07'),(213,202,'eth',4,22,'Trade',0.0000000000000000,0.0698950000000000,'2019-01-23 11:36:07','2019-01-23 11:36:07'),(214,202,'eth',4,58,'Order',0.1000000000000000,0.0000000000000000,'2019-01-23 11:36:23','2019-01-23 11:36:23'),(215,212,'eth',4,58,'Order',0.0000000000000000,0.1000000000000000,'2019-01-23 11:36:23','2019-01-23 11:36:23'),(216,212,'eth',4,23,'Trade',0.0800000000000000,0.0000000000000000,'2019-01-23 11:36:23','2019-01-23 11:36:23'),(217,211,'usd',4,23,'Trade',9.2000000000000000,0.0000000000000000,'2019-01-23 11:36:23','2019-01-23 11:36:23'),(218,201,'usd',4,23,'Trade',0.0000000000000000,9.1862000000000000,'2019-01-23 11:36:23','2019-01-23 11:36:23'),(219,202,'eth',4,23,'Trade',0.0000000000000000,0.0798800000000000,'2019-01-23 11:36:23','2019-01-23 11:36:23'),(220,201,'usd',4,59,'Order',11.1000000000000000,0.0000000000000000,'2019-01-23 11:36:40','2019-01-23 11:36:40'),(221,211,'usd',4,59,'Order',0.0000000000000000,11.1000000000000000,'2019-01-23 11:36:40','2019-01-23 11:36:40'),(222,202,'eth',4,60,'Order',0.4000000000000000,0.0000000000000000,'2019-01-23 11:36:59','2019-01-23 11:36:59'),(223,212,'eth',4,60,'Order',0.0000000000000000,0.4000000000000000,'2019-01-23 11:36:59','2019-01-23 11:36:59'),(224,202,'eth',4,61,'Order',0.1000000000000000,0.0000000000000000,'2019-01-23 11:37:16','2019-01-23 11:37:16'),(225,212,'eth',4,61,'Order',0.0000000000000000,0.1000000000000000,'2019-01-23 11:37:16','2019-01-23 11:37:16'),(226,212,'eth',4,24,'Trade',0.1000000000000000,0.0000000000000000,'2019-01-23 11:37:16','2019-01-23 11:37:16'),(227,211,'usd',4,24,'Trade',11.4000000000000000,0.0000000000000000,'2019-01-23 11:37:16','2019-01-23 11:37:16'),(228,201,'usd',4,24,'Trade',0.0000000000000000,11.3829000000000000,'2019-01-23 11:37:16','2019-01-23 11:37:16'),(229,202,'eth',4,24,'Trade',0.0000000000000000,0.0998500000000000,'2019-01-23 11:37:16','2019-01-23 11:37:16'),(230,201,'usd',4,62,'Order',12.6500000000000000,0.0000000000000000,'2019-01-23 11:37:39','2019-01-23 11:37:39'),(231,211,'usd',4,62,'Order',0.0000000000000000,12.6500000000000000,'2019-01-23 11:37:39','2019-01-23 11:37:39'),(232,212,'eth',4,25,'Trade',0.0200000000000000,0.0000000000000000,'2019-01-23 11:37:39','2019-01-23 11:37:39'),(233,211,'usd',4,25,'Trade',2.3000000000000000,0.0000000000000000,'2019-01-23 11:37:39','2019-01-23 11:37:39'),(234,201,'usd',4,25,'Trade',0.0000000000000000,2.2965500000000000,'2019-01-23 11:37:39','2019-01-23 11:37:39'),(235,202,'eth',4,25,'Trade',0.0000000000000000,0.0199700000000000,'2019-01-23 11:37:39','2019-01-23 11:37:39'),(236,212,'eth',4,26,'Trade',0.0800000000000000,0.0000000000000000,'2019-01-23 11:37:39','2019-01-23 11:37:39'),(237,211,'usd',4,26,'Trade',9.2000000000000000,0.0000000000000000,'2019-01-23 11:37:39','2019-01-23 11:37:39'),(238,201,'usd',4,26,'Trade',0.0000000000000000,9.1862000000000000,'2019-01-23 11:37:39','2019-01-23 11:37:39'),(239,202,'eth',4,26,'Trade',0.0000000000000000,0.0798800000000000,'2019-01-23 11:37:39','2019-01-23 11:37:39'),(240,211,'usd',4,26,'Trade',1.1500000000000000,0.0000000000000000,'2019-01-23 11:37:39','2019-01-23 11:37:39'),(241,201,'usd',4,26,'Trade',0.0000000000000000,1.1500000000000000,'2019-01-23 11:37:39','2019-01-23 11:37:39'),(242,201,'usd',4,63,'Order',25.3000000000000000,0.0000000000000000,'2019-01-23 11:37:46','2019-01-23 11:37:46'),(243,211,'usd',4,63,'Order',0.0000000000000000,25.3000000000000000,'2019-01-23 11:37:46','2019-01-23 11:37:46'),(244,212,'eth',4,27,'Trade',0.2000000000000000,0.0000000000000000,'2019-01-23 11:37:46','2019-01-23 11:37:46'),(245,211,'usd',4,27,'Trade',23.0000000000000000,0.0000000000000000,'2019-01-23 11:37:46','2019-01-23 11:37:46'),(246,201,'usd',4,27,'Trade',0.0000000000000000,22.9655000000000000,'2019-01-23 11:37:46','2019-01-23 11:37:46'),(247,202,'eth',4,27,'Trade',0.0000000000000000,0.1997000000000000,'2019-01-23 11:37:46','2019-01-23 11:37:46'),(248,211,'usd',4,27,'Trade',2.3000000000000000,0.0000000000000000,'2019-01-23 11:37:46','2019-01-23 11:37:46'),(249,201,'usd',4,27,'Trade',0.0000000000000000,2.3000000000000000,'2019-01-23 11:37:46','2019-01-23 11:37:46'),(250,202,'eth',4,64,'Order',0.2000000000000000,0.0000000000000000,'2019-01-23 11:38:29','2019-01-23 11:38:29'),(251,212,'eth',4,64,'Order',0.0000000000000000,0.2000000000000000,'2019-01-23 11:38:29','2019-01-23 11:38:29'),(252,202,'eth',4,65,'Order',0.1000000000000000,0.0000000000000000,'2019-01-23 11:38:49','2019-01-23 11:38:49'),(253,212,'eth',4,65,'Order',0.0000000000000000,0.1000000000000000,'2019-01-23 11:38:49','2019-01-23 11:38:49'),(254,212,'eth',4,28,'Trade',0.1000000000000000,0.0000000000000000,'2019-01-23 11:38:49','2019-01-23 11:38:49'),(255,211,'usd',4,28,'Trade',11.4000000000000000,0.0000000000000000,'2019-01-23 11:38:49','2019-01-23 11:38:49'),(256,201,'usd',4,28,'Trade',0.0000000000000000,11.3829000000000000,'2019-01-23 11:38:49','2019-01-23 11:38:49'),(257,202,'eth',4,28,'Trade',0.0000000000000000,0.0998500000000000,'2019-01-23 11:38:49','2019-01-23 11:38:49'),(258,201,'usd',3,66,'Order',1.2650000000000000,0.0000000000000000,'2019-01-23 11:38:54','2019-01-23 11:38:54'),(259,211,'usd',3,66,'Order',0.0000000000000000,1.2650000000000000,'2019-01-23 11:38:54','2019-01-23 11:38:54'),(260,212,'eth',4,29,'Trade',0.0100000000000000,0.0000000000000000,'2019-01-23 11:38:54','2019-01-23 11:38:54'),(261,211,'usd',3,29,'Trade',1.1500000000000000,0.0000000000000000,'2019-01-23 11:38:54','2019-01-23 11:38:54'),(262,201,'usd',4,29,'Trade',0.0000000000000000,1.1482750000000000,'2019-01-23 11:38:54','2019-01-23 11:38:54'),(263,202,'eth',3,29,'Trade',0.0000000000000000,0.0099850000000000,'2019-01-23 11:38:54','2019-01-23 11:38:54'),(264,211,'usd',3,29,'Trade',0.1150000000000000,0.0000000000000000,'2019-01-23 11:38:54','2019-01-23 11:38:54'),(265,201,'usd',3,29,'Trade',0.0000000000000000,0.1150000000000000,'2019-01-23 11:38:54','2019-01-23 11:38:54'),(266,202,'eth',4,67,'Order',0.1000000000000000,0.0000000000000000,'2019-01-23 11:39:46','2019-01-23 11:39:46'),(267,212,'eth',4,67,'Order',0.0000000000000000,0.1000000000000000,'2019-01-23 11:39:46','2019-01-23 11:39:46'),(268,212,'eth',4,30,'Trade',0.0800000000000000,0.0000000000000000,'2019-01-23 11:39:46','2019-01-23 11:39:46'),(269,211,'usd',4,30,'Trade',9.1200000000000000,0.0000000000000000,'2019-01-23 11:39:46','2019-01-23 11:39:46'),(270,201,'usd',4,30,'Trade',0.0000000000000000,9.1063200000000000,'2019-01-23 11:39:46','2019-01-23 11:39:46'),(271,202,'eth',4,30,'Trade',0.0000000000000000,0.0798800000000000,'2019-01-23 11:39:46','2019-01-23 11:39:46'),(272,212,'eth',4,31,'Trade',0.0200000000000000,0.0000000000000000,'2019-01-23 11:39:46','2019-01-23 11:39:46'),(273,211,'usd',4,31,'Trade',2.2600000000000000,0.0000000000000000,'2019-01-23 11:39:46','2019-01-23 11:39:46'),(274,201,'usd',4,31,'Trade',0.0000000000000000,2.2566100000000000,'2019-01-23 11:39:46','2019-01-23 11:39:46'),(275,202,'eth',4,31,'Trade',0.0000000000000000,0.0199700000000000,'2019-01-23 11:39:46','2019-01-23 11:39:46'),(276,201,'usd',4,68,'Order',12.6500000000000000,0.0000000000000000,'2019-01-23 11:40:09','2019-01-23 11:40:09'),(277,211,'usd',4,68,'Order',0.0000000000000000,12.6500000000000000,'2019-01-23 11:40:09','2019-01-23 11:40:09'),(278,212,'eth',4,32,'Trade',0.1000000000000000,0.0000000000000000,'2019-01-23 11:40:09','2019-01-23 11:40:09'),(279,211,'usd',4,32,'Trade',11.5000000000000000,0.0000000000000000,'2019-01-23 11:40:09','2019-01-23 11:40:09'),(280,201,'usd',4,32,'Trade',0.0000000000000000,11.4827500000000000,'2019-01-23 11:40:09','2019-01-23 11:40:09'),(281,202,'eth',4,32,'Trade',0.0000000000000000,0.0998500000000000,'2019-01-23 11:40:09','2019-01-23 11:40:09'),(282,211,'usd',4,32,'Trade',1.1500000000000000,0.0000000000000000,'2019-01-23 11:40:09','2019-01-23 11:40:09'),(283,201,'usd',4,32,'Trade',0.0000000000000000,1.1500000000000000,'2019-01-23 11:40:09','2019-01-23 11:40:09'),(284,202,'eth',4,69,'Order',0.2000000000000000,0.0000000000000000,'2019-01-23 11:40:17','2019-01-23 11:40:17'),(285,212,'eth',4,69,'Order',0.0000000000000000,0.2000000000000000,'2019-01-23 11:40:17','2019-01-23 11:40:17'),(286,212,'eth',4,33,'Trade',0.2000000000000000,0.0000000000000000,'2019-01-23 11:40:17','2019-01-23 11:40:17'),(287,211,'usd',4,33,'Trade',22.6000000000000000,0.0000000000000000,'2019-01-23 11:40:17','2019-01-23 11:40:17'),(288,201,'usd',4,33,'Trade',0.0000000000000000,22.5661000000000000,'2019-01-23 11:40:17','2019-01-23 11:40:17'),(289,202,'eth',4,33,'Trade',0.0000000000000000,0.1997000000000000,'2019-01-23 11:40:17','2019-01-23 11:40:17'),(290,202,'eth',4,70,'Order',0.2000000000000000,0.0000000000000000,'2019-01-23 11:40:27','2019-01-23 11:40:27'),(291,212,'eth',4,70,'Order',0.0000000000000000,0.2000000000000000,'2019-01-23 11:40:27','2019-01-23 11:40:27'),(292,212,'eth',4,34,'Trade',0.0300000000000000,0.0000000000000000,'2019-01-23 11:40:27','2019-01-23 11:40:27'),(293,211,'usd',4,34,'Trade',3.3900000000000000,0.0000000000000000,'2019-01-23 11:40:27','2019-01-23 11:40:27'),(294,201,'usd',4,34,'Trade',0.0000000000000000,3.3849150000000000,'2019-01-23 11:40:27','2019-01-23 11:40:27'),(295,202,'eth',4,34,'Trade',0.0000000000000000,0.0299550000000000,'2019-01-23 11:40:27','2019-01-23 11:40:27'),(296,212,'eth',4,35,'Trade',0.1700000000000000,0.0000000000000000,'2019-01-23 11:40:27','2019-01-23 11:40:27'),(297,211,'usd',4,35,'Trade',19.0400000000000000,0.0000000000000000,'2019-01-23 11:40:27','2019-01-23 11:40:27'),(298,201,'usd',4,35,'Trade',0.0000000000000000,19.0114400000000000,'2019-01-23 11:40:27','2019-01-23 11:40:27'),(299,202,'eth',4,35,'Trade',0.0000000000000000,0.1697450000000000,'2019-01-23 11:40:27','2019-01-23 11:40:27'),(300,202,'eth',4,71,'Order',0.2000000000000000,0.0000000000000000,'2019-01-23 11:41:20','2019-01-23 11:41:20'),(301,212,'eth',4,71,'Order',0.0000000000000000,0.2000000000000000,'2019-01-23 11:41:20','2019-01-23 11:41:20'),(302,212,'eth',4,36,'Trade',0.0300000000000000,0.0000000000000000,'2019-01-23 11:41:20','2019-01-23 11:41:20'),(303,211,'usd',4,36,'Trade',3.3600000000000000,0.0000000000000000,'2019-01-23 11:41:20','2019-01-23 11:41:20'),(304,201,'usd',4,36,'Trade',0.0000000000000000,3.3549600000000000,'2019-01-23 11:41:20','2019-01-23 11:41:20'),(305,202,'eth',4,36,'Trade',0.0000000000000000,0.0299550000000000,'2019-01-23 11:41:20','2019-01-23 11:41:20'),(306,212,'eth',4,37,'Trade',0.1700000000000000,0.0000000000000000,'2019-01-23 11:41:20','2019-01-23 11:41:20'),(307,211,'usd',4,37,'Trade',18.8700000000000000,0.0000000000000000,'2019-01-23 11:41:20','2019-01-23 11:41:20'),(308,201,'usd',4,37,'Trade',0.0000000000000000,18.8416950000000000,'2019-01-23 11:41:20','2019-01-23 11:41:20'),(309,202,'eth',4,37,'Trade',0.0000000000000000,0.1697450000000000,'2019-01-23 11:41:20','2019-01-23 11:41:20'),(310,201,'usd',4,72,'Order',15.0260000000000000,0.0000000000000000,'2019-01-23 11:41:30','2019-01-23 11:41:30'),(311,211,'usd',4,72,'Order',0.0000000000000000,15.0260000000000000,'2019-01-23 11:41:30','2019-01-23 11:41:30'),(312,212,'eth',4,38,'Trade',0.0100000000000000,0.0000000000000000,'2019-01-23 11:41:30','2019-01-23 11:41:30'),(313,211,'usd',4,38,'Trade',1.1500000000000000,0.0000000000000000,'2019-01-23 11:41:30','2019-01-23 11:41:30'),(314,201,'usd',4,38,'Trade',0.0000000000000000,1.1482750000000000,'2019-01-23 11:41:30','2019-01-23 11:41:30'),(315,202,'eth',4,38,'Trade',0.0000000000000000,0.0099850000000000,'2019-01-23 11:41:30','2019-01-23 11:41:30'),(316,212,'eth',3,39,'Trade',0.0300000000000000,0.0000000000000000,'2019-01-23 11:41:30','2019-01-23 11:41:30'),(317,211,'usd',4,39,'Trade',4.1100000000000000,0.0000000000000000,'2019-01-23 11:41:30','2019-01-23 11:41:30'),(318,201,'usd',3,39,'Trade',0.0000000000000000,4.1038350000000000,'2019-01-23 11:41:30','2019-01-23 11:41:30'),(319,202,'eth',4,39,'Trade',0.0000000000000000,0.0299550000000000,'2019-01-23 11:41:30','2019-01-23 11:41:30'),(320,212,'eth',3,40,'Trade',0.0600000000000000,0.0000000000000000,'2019-01-23 11:41:30','2019-01-23 11:41:30'),(321,211,'usd',4,40,'Trade',8.4000000000000000,0.0000000000000000,'2019-01-23 11:41:30','2019-01-23 11:41:30'),(322,201,'usd',3,40,'Trade',0.0000000000000000,8.3874000000000000,'2019-01-23 11:41:30','2019-01-23 11:41:30'),(323,202,'eth',4,40,'Trade',0.0000000000000000,0.0599100000000000,'2019-01-23 11:41:30','2019-01-23 11:41:30'),(324,211,'usd',4,40,'Trade',1.3660000000000000,0.0000000000000000,'2019-01-23 11:41:30','2019-01-23 11:41:30'),(325,201,'usd',4,40,'Trade',0.0000000000000000,1.3660000000000000,'2019-01-23 11:41:30','2019-01-23 11:41:30'),(326,202,'eth',4,73,'Order',0.2000000000000000,0.0000000000000000,'2019-01-23 11:41:43','2019-01-23 11:41:43'),(327,212,'eth',4,73,'Order',0.0000000000000000,0.2000000000000000,'2019-01-23 11:41:43','2019-01-23 11:41:43'),(328,212,'eth',4,41,'Trade',0.0400000000000000,0.0000000000000000,'2019-01-23 11:41:43','2019-01-23 11:41:43'),(329,211,'usd',4,41,'Trade',4.4400000000000000,0.0000000000000000,'2019-01-23 11:41:43','2019-01-23 11:41:43'),(330,201,'usd',4,41,'Trade',0.0000000000000000,4.4333400000000000,'2019-01-23 11:41:43','2019-01-23 11:41:43'),(331,202,'eth',4,41,'Trade',0.0000000000000000,0.0399400000000000,'2019-01-23 11:41:43','2019-01-23 11:41:43'),(332,212,'eth',4,42,'Trade',0.1000000000000000,0.0000000000000000,'2019-01-23 11:41:43','2019-01-23 11:41:43'),(333,211,'usd',4,42,'Trade',11.1000000000000000,0.0000000000000000,'2019-01-23 11:41:43','2019-01-23 11:41:43'),(334,201,'usd',4,42,'Trade',0.0000000000000000,11.0833500000000000,'2019-01-23 11:41:43','2019-01-23 11:41:43'),(335,202,'eth',4,42,'Trade',0.0000000000000000,0.0998500000000000,'2019-01-23 11:41:43','2019-01-23 11:41:43'),(336,212,'eth',4,43,'Trade',0.0600000000000000,0.0000000000000000,'2019-01-23 11:41:43','2019-01-23 11:41:43'),(337,211,'usd',4,43,'Trade',6.6000000000000000,0.0000000000000000,'2019-01-23 11:41:43','2019-01-23 11:41:43'),(338,201,'usd',4,43,'Trade',0.0000000000000000,6.5901000000000000,'2019-01-23 11:41:43','2019-01-23 11:41:43'),(339,202,'eth',4,43,'Trade',0.0000000000000000,0.0599100000000000,'2019-01-23 11:41:43','2019-01-23 11:41:43'),(340,202,'eth',4,74,'Order',0.2000000000000000,0.0000000000000000,'2019-01-23 11:42:22','2019-01-23 11:42:22'),(341,212,'eth',4,74,'Order',0.0000000000000000,0.2000000000000000,'2019-01-23 11:42:22','2019-01-23 11:42:22'),(342,212,'eth',4,44,'Trade',0.1400000000000000,0.0000000000000000,'2019-01-23 11:42:22','2019-01-23 11:42:22'),(343,211,'usd',4,44,'Trade',15.4000000000000000,0.0000000000000000,'2019-01-23 11:42:22','2019-01-23 11:42:22'),(344,201,'usd',4,44,'Trade',0.0000000000000000,15.3769000000000000,'2019-01-23 11:42:22','2019-01-23 11:42:22'),(345,202,'eth',4,44,'Trade',0.0000000000000000,0.1397900000000000,'2019-01-23 11:42:22','2019-01-23 11:42:22'),(346,212,'eth',4,45,'Trade',0.0600000000000000,0.0000000000000000,'2019-01-23 11:42:22','2019-01-23 11:42:22'),(347,211,'usd',4,45,'Trade',6.6000000000000000,0.0000000000000000,'2019-01-23 11:42:22','2019-01-23 11:42:22'),(348,201,'usd',4,45,'Trade',0.0000000000000000,6.5901000000000000,'2019-01-23 11:42:22','2019-01-23 11:42:22'),(349,202,'eth',4,45,'Trade',0.0000000000000000,0.0599100000000000,'2019-01-23 11:42:22','2019-01-23 11:42:22'),(350,201,'usd',4,75,'Order',11.0000000000000000,0.0000000000000000,'2019-01-23 11:42:39','2019-01-23 11:42:39'),(351,211,'usd',4,75,'Order',0.0000000000000000,11.0000000000000000,'2019-01-23 11:42:39','2019-01-23 11:42:39'),(352,202,'eth',4,76,'Order',0.2000000000000000,0.0000000000000000,'2019-01-23 11:42:53','2019-01-23 11:42:53'),(353,212,'eth',4,76,'Order',0.0000000000000000,0.2000000000000000,'2019-01-23 11:42:53','2019-01-23 11:42:53'),(354,212,'eth',4,46,'Trade',0.0400000000000000,0.0000000000000000,'2019-01-23 11:42:54','2019-01-23 11:42:54'),(355,211,'usd',4,46,'Trade',4.4000000000000000,0.0000000000000000,'2019-01-23 11:42:54','2019-01-23 11:42:54'),(356,201,'usd',4,46,'Trade',0.0000000000000000,4.3934000000000000,'2019-01-23 11:42:54','2019-01-23 11:42:54'),(357,202,'eth',4,46,'Trade',0.0000000000000000,0.0399400000000000,'2019-01-23 11:42:54','2019-01-23 11:42:54'),(358,212,'eth',4,47,'Trade',0.1000000000000000,0.0000000000000000,'2019-01-23 11:42:54','2019-01-23 11:42:54'),(359,211,'usd',4,47,'Trade',11.0000000000000000,0.0000000000000000,'2019-01-23 11:42:54','2019-01-23 11:42:54'),(360,201,'usd',4,47,'Trade',0.0000000000000000,10.9835000000000000,'2019-01-23 11:42:54','2019-01-23 11:42:54'),(361,202,'eth',4,47,'Trade',0.0000000000000000,0.0998500000000000,'2019-01-23 11:42:54','2019-01-23 11:42:54'),(362,202,'eth',4,77,'Order',0.5000000000000000,0.0000000000000000,'2019-01-23 11:43:32','2019-01-23 11:43:32'),(363,212,'eth',4,77,'Order',0.0000000000000000,0.5000000000000000,'2019-01-23 11:43:32','2019-01-23 11:43:32'),(364,212,'eth',4,48,'Trade',0.4000000000000000,0.0000000000000000,'2019-01-23 11:43:32','2019-01-23 11:43:32'),(365,211,'usd',4,48,'Trade',43.2000000000000000,0.0000000000000000,'2019-01-23 11:43:32','2019-01-23 11:43:32'),(366,201,'usd',4,48,'Trade',0.0000000000000000,43.1352000000000000,'2019-01-23 11:43:32','2019-01-23 11:43:32'),(367,202,'eth',4,48,'Trade',0.0000000000000000,0.3994000000000000,'2019-01-23 11:43:32','2019-01-23 11:43:32'),(368,212,'eth',4,49,'Trade',0.1000000000000000,0.0000000000000000,'2019-01-23 11:43:32','2019-01-23 11:43:32'),(369,211,'usd',4,49,'Trade',9.9000000000000000,0.0000000000000000,'2019-01-23 11:43:32','2019-01-23 11:43:32'),(370,201,'usd',4,49,'Trade',0.0000000000000000,9.8851500000000000,'2019-01-23 11:43:32','2019-01-23 11:43:32'),(371,202,'eth',4,49,'Trade',0.0000000000000000,0.0998500000000000,'2019-01-23 11:43:32','2019-01-23 11:43:32'),(372,212,'eth',4,76,'Order',0.0600000000000000,0.0000000000000000,'2019-01-23 11:43:49','2019-01-23 11:43:49'),(373,202,'eth',4,76,'Order',0.0000000000000000,0.0600000000000000,'2019-01-23 11:43:49','2019-01-23 11:43:49'),(374,212,'eth',4,64,'Order',0.2000000000000000,0.0000000000000000,'2019-01-23 11:43:50','2019-01-23 11:43:50'),(375,202,'eth',4,64,'Order',0.0000000000000000,0.2000000000000000,'2019-01-23 11:43:50','2019-01-23 11:43:50'),(376,211,'usd',4,5,'Order',89.1000000000000000,0.0000000000000000,'2019-01-23 11:43:50','2019-01-23 11:43:50'),(377,201,'usd',4,5,'Order',0.0000000000000000,89.1000000000000000,'2019-01-23 11:43:50','2019-01-23 11:43:50'),(378,202,'eth',4,78,'Order',0.5000000000000000,0.0000000000000000,'2019-01-23 11:44:05','2019-01-23 11:44:05'),(379,212,'eth',4,78,'Order',0.0000000000000000,0.5000000000000000,'2019-01-23 11:44:05','2019-01-23 11:44:05'),(380,201,'usd',4,79,'Order',33.3000000000000000,0.0000000000000000,'2019-01-23 11:44:17','2019-01-23 11:44:17'),(381,211,'usd',4,79,'Order',0.0000000000000000,33.3000000000000000,'2019-01-23 11:44:17','2019-01-23 11:44:17'),(382,201,'usd',4,80,'Order',22.2000000000000000,0.0000000000000000,'2019-01-23 11:45:44','2019-01-23 11:45:44'),(383,211,'usd',4,80,'Order',0.0000000000000000,22.2000000000000000,'2019-01-23 11:45:44','2019-01-23 11:45:44'),(384,201,'usd',3,86,'Order',13.2000000000000000,0.0000000000000000,'2019-01-23 13:38:04','2019-01-23 13:38:04'),(385,211,'usd',3,86,'Order',0.0000000000000000,13.2000000000000000,'2019-01-23 13:38:04','2019-01-23 13:38:04'),(386,212,'eth',4,50,'Trade',0.1000000000000000,0.0000000000000000,'2019-01-23 13:38:04','2019-01-23 13:38:04'),(387,211,'usd',3,50,'Trade',12.0000000000000000,0.0000000000000000,'2019-01-23 13:38:04','2019-01-23 13:38:04'),(388,201,'usd',4,50,'Trade',0.0000000000000000,11.9820000000000000,'2019-01-23 13:38:04','2019-01-23 13:38:04'),(389,202,'eth',3,50,'Trade',0.0000000000000000,0.0998500000000000,'2019-01-23 13:38:04','2019-01-23 13:38:04'),(390,211,'usd',3,50,'Trade',1.2000000000000000,0.0000000000000000,'2019-01-23 13:38:04','2019-01-23 13:38:04'),(391,201,'usd',3,50,'Trade',0.0000000000000000,1.2000000000000000,'2019-01-23 13:38:04','2019-01-23 13:38:04'),(392,201,'usd',3,87,'Order',13.2000000000000000,0.0000000000000000,'2019-01-23 13:38:07','2019-01-23 13:38:07'),(393,211,'usd',3,87,'Order',0.0000000000000000,13.2000000000000000,'2019-01-23 13:38:07','2019-01-23 13:38:07'),(394,212,'eth',4,51,'Trade',0.1000000000000000,0.0000000000000000,'2019-01-23 13:38:07','2019-01-23 13:38:07'),(395,211,'usd',3,51,'Trade',12.0000000000000000,0.0000000000000000,'2019-01-23 13:38:07','2019-01-23 13:38:07'),(396,201,'usd',4,51,'Trade',0.0000000000000000,11.9820000000000000,'2019-01-23 13:38:07','2019-01-23 13:38:07'),(397,202,'eth',3,51,'Trade',0.0000000000000000,0.0998500000000000,'2019-01-23 13:38:07','2019-01-23 13:38:07'),(398,211,'usd',3,51,'Trade',1.2000000000000000,0.0000000000000000,'2019-01-23 13:38:07','2019-01-23 13:38:07'),(399,201,'usd',3,51,'Trade',0.0000000000000000,1.2000000000000000,'2019-01-23 13:38:07','2019-01-23 13:38:07'),(400,201,'usd',3,88,'Order',13.2000000000000000,0.0000000000000000,'2019-01-23 13:38:08','2019-01-23 13:38:08'),(401,211,'usd',3,88,'Order',0.0000000000000000,13.2000000000000000,'2019-01-23 13:38:08','2019-01-23 13:38:08'),(402,212,'eth',4,52,'Trade',0.1000000000000000,0.0000000000000000,'2019-01-23 13:38:08','2019-01-23 13:38:08'),(403,211,'usd',3,52,'Trade',12.0000000000000000,0.0000000000000000,'2019-01-23 13:38:08','2019-01-23 13:38:08'),(404,201,'usd',4,52,'Trade',0.0000000000000000,11.9820000000000000,'2019-01-23 13:38:08','2019-01-23 13:38:08'),(405,202,'eth',3,52,'Trade',0.0000000000000000,0.0998500000000000,'2019-01-23 13:38:08','2019-01-23 13:38:08'),(406,211,'usd',3,52,'Trade',1.2000000000000000,0.0000000000000000,'2019-01-23 13:38:08','2019-01-23 13:38:08'),(407,201,'usd',3,52,'Trade',0.0000000000000000,1.2000000000000000,'2019-01-23 13:38:08','2019-01-23 13:38:08'),(408,202,'eth',4,93,'Order',0.2000000000000000,0.0000000000000000,'2019-01-23 13:49:44','2019-01-23 13:49:44'),(409,212,'eth',4,93,'Order',0.0000000000000000,0.2000000000000000,'2019-01-23 13:49:44','2019-01-23 13:49:44'),(410,212,'eth',4,53,'Trade',0.2000000000000000,0.0000000000000000,'2019-01-23 13:49:44','2019-01-23 13:49:44'),(411,211,'usd',4,53,'Trade',22.2000000000000000,0.0000000000000000,'2019-01-23 13:49:44','2019-01-23 13:49:44'),(412,201,'usd',4,53,'Trade',0.0000000000000000,22.1667000000000000,'2019-01-23 13:49:44','2019-01-23 13:49:44'),(413,202,'eth',4,53,'Trade',0.0000000000000000,0.1997000000000000,'2019-01-23 13:49:44','2019-01-23 13:49:44'),(414,211,'usd',4,80,'Order',22.2000000000000000,0.0000000000000000,'2019-01-23 13:49:53','2019-01-23 13:49:53'),(415,201,'usd',4,80,'Order',0.0000000000000000,22.2000000000000000,'2019-01-23 13:49:53','2019-01-23 13:49:53'),(416,211,'usd',4,79,'Order',11.1000000000000000,0.0000000000000000,'2019-01-23 13:49:54','2019-01-23 13:49:54'),(417,201,'usd',4,79,'Order',0.0000000000000000,11.1000000000000000,'2019-01-23 13:49:54','2019-01-23 13:49:54'),(418,212,'eth',4,78,'Order',0.2000000000000000,0.0000000000000000,'2019-01-23 13:49:54','2019-01-23 13:49:54'),(419,202,'eth',4,78,'Order',0.0000000000000000,0.2000000000000000,'2019-01-23 13:49:54','2019-01-23 13:49:54'),(420,201,'usd',4,94,'Order',100.0000000000000000,0.0000000000000000,'2019-01-23 13:50:06','2019-01-23 13:50:06'),(421,211,'usd',4,94,'Order',0.0000000000000000,100.0000000000000000,'2019-01-23 13:50:06','2019-01-23 13:50:06'),(422,212,'eth',3,54,'Trade',0.0300000000000000,0.0000000000000000,'2019-01-23 13:50:06','2019-01-23 13:50:06'),(423,211,'usd',4,54,'Trade',4.2000000000000000,0.0000000000000000,'2019-01-23 13:50:06','2019-01-23 13:50:06'),(424,201,'usd',3,54,'Trade',0.0000000000000000,4.1937000000000000,'2019-01-23 13:50:06','2019-01-23 13:50:06'),(425,202,'eth',4,54,'Trade',0.0000000000000000,0.0299550000000000,'2019-01-23 13:50:06','2019-01-23 13:50:06'),(426,212,'eth',3,55,'Trade',0.0700000000000000,0.0000000000000000,'2019-01-23 13:50:06','2019-01-23 13:50:06'),(427,211,'usd',4,55,'Trade',10.5000000000000000,0.0000000000000000,'2019-01-23 13:50:06','2019-01-23 13:50:06'),(428,201,'usd',3,55,'Trade',0.0000000000000000,10.4842500000000000,'2019-01-23 13:50:06','2019-01-23 13:50:06'),(429,202,'eth',4,55,'Trade',0.0000000000000000,0.0698950000000000,'2019-01-23 13:50:06','2019-01-23 13:50:06'),(430,211,'usd',4,55,'Trade',85.3000000000000000,0.0000000000000000,'2019-01-23 13:50:06','2019-01-23 13:50:06'),(431,201,'usd',4,55,'Trade',0.0000000000000000,85.3000000000000000,'2019-01-23 13:50:06','2019-01-23 13:50:06'),(432,202,'eth',4,95,'Order',0.1000000000000000,0.0000000000000000,'2019-01-23 13:50:14','2019-01-23 13:50:14'),(433,212,'eth',4,95,'Order',0.0000000000000000,0.1000000000000000,'2019-01-23 13:50:14','2019-01-23 13:50:14'),(434,212,'eth',3,37,'Order',0.2000000000000000,0.0000000000000000,'2019-01-23 13:51:14','2019-01-23 13:51:14'),(435,202,'eth',3,37,'Order',0.0000000000000000,0.2000000000000000,'2019-01-23 13:51:14','2019-01-23 13:51:14'),(436,212,'eth',3,36,'Order',0.1000000000000000,0.0000000000000000,'2019-01-23 13:51:15','2019-01-23 13:51:15'),(437,202,'eth',3,36,'Order',0.0000000000000000,0.1000000000000000,'2019-01-23 13:51:15','2019-01-23 13:51:15'),(438,212,'eth',3,35,'Order',0.2300000000000000,0.0000000000000000,'2019-01-23 13:51:15','2019-01-23 13:51:15'),(439,202,'eth',3,35,'Order',0.0000000000000000,0.2300000000000000,'2019-01-23 13:51:15','2019-01-23 13:51:15'),(440,201,'usd',3,96,'Order',100.0000000000000000,0.0000000000000000,'2019-01-23 13:51:37','2019-01-23 13:51:37'),(441,211,'usd',3,96,'Order',0.0000000000000000,100.0000000000000000,'2019-01-23 13:51:37','2019-01-23 13:51:37'),(442,212,'eth',4,56,'Trade',0.1000000000000000,0.0000000000000000,'2019-01-23 13:51:37','2019-01-23 13:51:37'),(443,211,'usd',3,56,'Trade',100.0000000000000000,0.0000000000000000,'2019-01-23 13:51:37','2019-01-23 13:51:37'),(444,201,'usd',4,56,'Trade',0.0000000000000000,99.8500000000000000,'2019-01-23 13:51:37','2019-01-23 13:51:37'),(445,202,'eth',3,56,'Trade',0.0000000000000000,0.0998500000000000,'2019-01-23 13:51:37','2019-01-23 13:51:37'),(446,201,'usd',4,100,'Order',100.0000000000000000,0.0000000000000000,'2019-01-23 13:53:37','2019-01-23 13:53:37'),(447,211,'usd',4,100,'Order',0.0000000000000000,100.0000000000000000,'2019-01-23 13:53:37','2019-01-23 13:53:37'),(448,201,'usd',3,101,'Order',1.0000000000000000,0.0000000000000000,'2019-01-23 13:54:10','2019-01-23 13:54:10'),(449,211,'usd',3,101,'Order',0.0000000000000000,1.0000000000000000,'2019-01-23 13:54:10','2019-01-23 13:54:10'),(450,202,'eth',4,102,'Order',0.1000000000000000,0.0000000000000000,'2019-01-23 13:54:25','2019-01-23 13:54:25'),(451,212,'eth',4,102,'Order',0.0000000000000000,0.1000000000000000,'2019-01-23 13:54:25','2019-01-23 13:54:25'),(452,212,'eth',4,57,'Trade',0.1000000000000000,0.0000000000000000,'2019-01-23 13:54:25','2019-01-23 13:54:25'),(453,211,'usd',4,57,'Trade',100.0000000000000000,0.0000000000000000,'2019-01-23 13:54:25','2019-01-23 13:54:25'),(454,201,'usd',4,57,'Trade',0.0000000000000000,99.8500000000000000,'2019-01-23 13:54:25','2019-01-23 13:54:25'),(455,202,'eth',4,57,'Trade',0.0000000000000000,0.0998500000000000,'2019-01-23 13:54:25','2019-01-23 13:54:25'),(456,211,'usd',3,101,'Order',1.0000000000000000,0.0000000000000000,'2019-01-23 13:55:15','2019-01-23 13:55:15'),(457,201,'usd',3,101,'Order',0.0000000000000000,1.0000000000000000,'2019-01-23 13:55:15','2019-01-23 13:55:15'),(458,201,'usd',3,103,'Order',1.0000000000000000,0.0000000000000000,'2019-01-23 13:55:21','2019-01-23 13:55:21'),(459,211,'usd',3,103,'Order',0.0000000000000000,1.0000000000000000,'2019-01-23 13:55:21','2019-01-23 13:55:21'),(460,202,'eth',4,104,'Order',0.1000000000000000,0.0000000000000000,'2019-01-23 13:55:42','2019-01-23 13:55:42'),(461,212,'eth',4,104,'Order',0.0000000000000000,0.1000000000000000,'2019-01-23 13:55:42','2019-01-23 13:55:42'),(462,212,'eth',4,58,'Trade',0.1000000000000000,0.0000000000000000,'2019-01-23 13:55:42','2019-01-23 13:55:42'),(463,211,'usd',3,58,'Trade',1.0000000000000000,0.0000000000000000,'2019-01-23 13:55:42','2019-01-23 13:55:42'),(464,201,'usd',4,58,'Trade',0.0000000000000000,0.9985000000000000,'2019-01-23 13:55:42','2019-01-23 13:55:42'),(465,202,'eth',3,58,'Trade',0.0000000000000000,0.0998500000000000,'2019-01-23 13:55:42','2019-01-23 13:55:42'),(466,201,'usd',3,105,'Order',1.0000000000000000,0.0000000000000000,'2019-01-23 13:56:02','2019-01-23 13:56:02'),(467,211,'usd',3,105,'Order',0.0000000000000000,1.0000000000000000,'2019-01-23 13:56:02','2019-01-23 13:56:02'),(468,202,'eth',4,106,'Order',0.1000000000000000,0.0000000000000000,'2019-01-23 13:56:25','2019-01-23 13:56:25'),(469,212,'eth',4,106,'Order',0.0000000000000000,0.1000000000000000,'2019-01-23 13:56:25','2019-01-23 13:56:25'),(470,212,'eth',4,59,'Trade',0.1000000000000000,0.0000000000000000,'2019-01-23 13:56:25','2019-01-23 13:56:25'),(471,211,'usd',3,59,'Trade',1.0000000000000000,0.0000000000000000,'2019-01-23 13:56:25','2019-01-23 13:56:25'),(472,201,'usd',4,59,'Trade',0.0000000000000000,0.9985000000000000,'2019-01-23 13:56:25','2019-01-23 13:56:25'),(473,202,'eth',3,59,'Trade',0.0000000000000000,0.0998500000000000,'2019-01-23 13:56:25','2019-01-23 13:56:25'),(474,201,'usd',3,107,'Order',1.0000000000000000,0.0000000000000000,'2019-01-23 13:58:39','2019-01-23 13:58:39'),(475,211,'usd',3,107,'Order',0.0000000000000000,1.0000000000000000,'2019-01-23 13:58:39','2019-01-23 13:58:39'),(476,202,'eth',3,108,'Order',0.1000000000000000,0.0000000000000000,'2019-01-23 13:58:51','2019-01-23 13:58:51'),(477,212,'eth',3,108,'Order',0.0000000000000000,0.1000000000000000,'2019-01-23 13:58:51','2019-01-23 13:58:51'),(478,212,'eth',3,60,'Trade',0.1000000000000000,0.0000000000000000,'2019-01-23 13:58:51','2019-01-23 13:58:51'),(479,211,'usd',3,60,'Trade',1.0000000000000000,0.0000000000000000,'2019-01-23 13:58:51','2019-01-23 13:58:51'),(480,201,'usd',3,60,'Trade',0.0000000000000000,0.9985000000000000,'2019-01-23 13:58:51','2019-01-23 13:58:51'),(481,202,'eth',3,60,'Trade',0.0000000000000000,0.0998500000000000,'2019-01-23 13:58:51','2019-01-23 13:58:51');
/*!40000 ALTER TABLE `liabilities` ENABLE KEYS */;
UNLOCK TABLES;

--
-- Table structure for table `markets`
--

DROP TABLE IF EXISTS `markets`;
/*!40101 SET @saved_cs_client     = @@character_set_client */;
/*!40101 SET character_set_client = utf8 */;
CREATE TABLE `markets` (
  `id` varchar(20) NOT NULL,
  `ask_unit` varchar(10) NOT NULL,
  `bid_unit` varchar(10) NOT NULL,
  `ask_fee` decimal(17,16) NOT NULL DEFAULT '0.0000000000000000',
  `bid_fee` decimal(17,16) NOT NULL DEFAULT '0.0000000000000000',
  `min_ask_price` decimal(32,16) NOT NULL DEFAULT '0.0000000000000000',
  `max_bid_price` decimal(32,16) NOT NULL DEFAULT '0.0000000000000000',
  `min_ask_amount` decimal(32,16) NOT NULL DEFAULT '0.0000000000000000',
  `min_bid_amount` decimal(32,16) NOT NULL DEFAULT '0.0000000000000000',
  `ask_precision` tinyint(4) NOT NULL DEFAULT '8',
  `bid_precision` tinyint(4) NOT NULL DEFAULT '8',
  `position` int(11) NOT NULL DEFAULT '0',
  `enabled` tinyint(1) NOT NULL DEFAULT '1',
  `created_at` datetime NOT NULL,
  `updated_at` datetime NOT NULL,
  PRIMARY KEY (`id`),
  UNIQUE KEY `index_markets_on_ask_unit_and_bid_unit` (`ask_unit`,`bid_unit`),
  KEY `index_markets_on_ask_unit` (`ask_unit`),
  KEY `index_markets_on_bid_unit` (`bid_unit`),
  KEY `index_markets_on_position` (`position`),
  KEY `index_markets_on_enabled` (`enabled`)
) ENGINE=InnoDB DEFAULT CHARSET=utf8;
/*!40101 SET character_set_client = @saved_cs_client */;

--
-- Dumping data for table `markets`
--

LOCK TABLES `markets` WRITE;
/*!40000 ALTER TABLE `markets` DISABLE KEYS */;
INSERT INTO `markets` VALUES ('ethusd','eth','usd',0.0015000000000000,0.0015000000000000,0.0000000000000000,0.0000000000000000,0.0000000000000000,0.0000000000000000,4,4,1,1,'2019-01-22 15:18:03','2019-01-22 15:18:03'),('kyneth','kyn','eth',0.0015000000000000,0.0015000000000000,0.0000000000000000,0.0000000000000000,0.0000000000000000,0.0000000000000000,4,4,3,1,'2019-01-22 15:18:03','2019-01-22 15:18:03'),('trsteth','trst','eth',0.0015000000000000,0.0015000000000000,0.0000000000000000,0.0000000000000000,0.0000000000000000,0.0000000000000000,4,4,2,1,'2019-01-22 15:18:03','2019-01-22 15:18:03');
/*!40000 ALTER TABLE `markets` ENABLE KEYS */;
UNLOCK TABLES;

--
-- Table structure for table `members`
--

DROP TABLE IF EXISTS `members`;
/*!40101 SET @saved_cs_client     = @@character_set_client */;
/*!40101 SET character_set_client = utf8 */;
CREATE TABLE `members` (
  `id` int(11) NOT NULL AUTO_INCREMENT,
  `uid` varchar(12) NOT NULL,
  `email` varchar(255) NOT NULL,
  `level` int(11) NOT NULL,
  `role` varchar(16) NOT NULL,
  `state` varchar(16) NOT NULL,
  `created_at` datetime NOT NULL,
  `updated_at` datetime NOT NULL,
  PRIMARY KEY (`id`),
  UNIQUE KEY `index_members_on_email` (`email`)
) ENGINE=InnoDB AUTO_INCREMENT=11 DEFAULT CHARSET=utf8;
/*!40101 SET character_set_client = @saved_cs_client */;

--
-- Dumping data for table `members`
--

LOCK TABLES `members` WRITE;
/*!40000 ALTER TABLE `members` DISABLE KEYS */;
INSERT INTO `members` VALUES (2,'ID535CA9B575','testmehelios+philliparuais@gmail.com',3,'admin','active','2019-01-22 15:44:19','2019-01-22 15:44:19'),(3,'ID79BF61C8A0','testmehelios+amyjbriggs@gmail.com',3,'member','active','2019-01-22 18:03:46','2019-01-22 18:03:46'),(4,'ID6FC9E9F399','testmehelios+davidtmoore@gmail.com',3,'member','active','2019-01-22 18:37:36','2019-01-22 18:37:36'),(5,'ID8CB21CC3A3','testmehelios+charmaineouellet@gmail.com',3,'member','active','2019-01-23 07:02:02','2019-01-23 08:48:57'),(6,'ID7CAF88CD33','admin@mydomain.com',3,'admin','active','2019-01-23 08:54:39','2019-01-23 08:54:39'),(9,'ID1799AE7C6F','testmehelios+cecilevaillancourt@gmail.com',2,'member','active','2019-01-23 11:07:14','2019-01-23 13:54:21'),(10,'ID7E9639E27F','admin@devkube.com',3,'admin','active','2019-01-23 11:53:11','2019-01-23 11:53:11');
/*!40000 ALTER TABLE `members` ENABLE KEYS */;
UNLOCK TABLES;

--
-- Table structure for table `operations_accounts`
--

DROP TABLE IF EXISTS `operations_accounts`;
/*!40101 SET @saved_cs_client     = @@character_set_client */;
/*!40101 SET character_set_client = utf8 */;
CREATE TABLE `operations_accounts` (
  `id` int(11) NOT NULL AUTO_INCREMENT,
  `code` mediumint(9) NOT NULL,
  `type` varchar(10) NOT NULL,
  `kind` varchar(30) NOT NULL,
  `currency_type` varchar(10) NOT NULL,
  `description` varchar(100) DEFAULT NULL,
  `scope` varchar(10) NOT NULL,
  `created_at` datetime NOT NULL,
  `updated_at` datetime NOT NULL,
  PRIMARY KEY (`id`),
  UNIQUE KEY `index_operations_accounts_on_code` (`code`),
  UNIQUE KEY `index_operations_accounts_on_type_and_kind_and_currency_type` (`type`,`kind`,`currency_type`),
  KEY `index_operations_accounts_on_type` (`type`),
  KEY `index_operations_accounts_on_currency_type` (`currency_type`),
  KEY `index_operations_accounts_on_scope` (`scope`)
) ENGINE=InnoDB DEFAULT CHARSET=utf8;
/*!40101 SET character_set_client = @saved_cs_client */;

--
-- Dumping data for table `operations_accounts`
--

LOCK TABLES `operations_accounts` WRITE;
/*!40000 ALTER TABLE `operations_accounts` DISABLE KEYS */;
/*!40000 ALTER TABLE `operations_accounts` ENABLE KEYS */;
UNLOCK TABLES;

--
-- Table structure for table `orders`
--

DROP TABLE IF EXISTS `orders`;
/*!40101 SET @saved_cs_client     = @@character_set_client */;
/*!40101 SET character_set_client = utf8 */;
CREATE TABLE `orders` (
  `id` int(11) NOT NULL AUTO_INCREMENT,
  `bid` varchar(10) NOT NULL,
  `ask` varchar(10) NOT NULL,
  `market_id` varchar(20) NOT NULL,
  `price` decimal(32,16) DEFAULT NULL,
  `volume` decimal(32,16) NOT NULL,
  `origin_volume` decimal(32,16) NOT NULL,
  `fee` decimal(32,16) NOT NULL DEFAULT '0.0000000000000000',
  `state` int(11) NOT NULL,
  `type` varchar(8) NOT NULL,
  `member_id` int(11) NOT NULL,
  `ord_type` varchar(30) NOT NULL,
  `locked` decimal(32,16) NOT NULL DEFAULT '0.0000000000000000',
  `origin_locked` decimal(32,16) NOT NULL DEFAULT '0.0000000000000000',
  `funds_received` decimal(32,16) DEFAULT '0.0000000000000000',
  `trades_count` int(11) NOT NULL DEFAULT '0',
  `created_at` datetime NOT NULL,
  `updated_at` datetime NOT NULL,
  PRIMARY KEY (`id`),
  KEY `index_orders_on_member_id` (`member_id`) USING BTREE,
  KEY `index_orders_on_state` (`state`) USING BTREE,
  KEY `index_orders_on_type_and_state_and_member_id` (`type`,`state`,`member_id`),
  KEY `index_orders_on_type_and_state_and_market_id` (`type`,`state`,`market_id`),
  KEY `index_orders_on_type_and_market_id` (`type`,`market_id`),
  KEY `index_orders_on_type_and_member_id` (`type`,`member_id`)
) ENGINE=InnoDB AUTO_INCREMENT=109 DEFAULT CHARSET=utf8;
/*!40101 SET character_set_client = @saved_cs_client */;

--
-- Dumping data for table `orders`
--

LOCK TABLES `orders` WRITE;
/*!40000 ALTER TABLE `orders` DISABLE KEYS */;
INSERT INTO `orders` VALUES (1,'usd','eth','ethusd',118.0000000000000000,0.0000000000000000,0.2000000000000000,0.0015000000000000,200,'OrderBid',4,'limit',0.0000000000000000,23.6000000000000000,0.2000000000000000,2,'2019-01-23 07:22:04','2019-01-23 07:22:04'),(2,'usd','eth','ethusd',115.0000000000000000,0.0000000000000000,0.3000000000000000,0.0015000000000000,200,'OrderBid',4,'limit',0.0000000000000000,34.5000000000000000,0.3000000000000000,4,'2019-01-23 07:22:27','2019-01-23 07:22:27'),(3,'usd','eth','ethusd',112.0000000000000000,0.0000000000000000,0.2000000000000000,0.0015000000000000,200,'OrderBid',4,'limit',0.0000000000000000,22.4000000000000000,0.2000000000000000,2,'2019-01-23 07:22:39','2019-01-23 07:22:39'),(4,'usd','eth','ethusd',108.0000000000000000,0.0000000000000000,0.4000000000000000,0.0015000000000000,200,'OrderBid',4,'limit',0.0000000000000000,43.2000000000000000,0.4000000000000000,1,'2019-01-23 07:22:47','2019-01-23 07:22:47'),(5,'usd','eth','ethusd',99.0000000000000000,0.9000000000000000,1.0000000000000000,0.0015000000000000,0,'OrderBid',4,'limit',89.1000000000000000,99.0000000000000000,0.1000000000000000,1,'2019-01-23 07:23:03','2019-01-23 11:43:50'),(6,'eth','kyn','kyneth',0.0050000000000000,300.0000000000000000,300.0000000000000000,0.0015000000000000,100,'OrderAsk',4,'limit',300.0000000000000000,300.0000000000000000,0.0000000000000000,0,'2019-01-23 07:27:11','2019-01-23 07:27:11'),(7,'eth','kyn','kyneth',0.0070000000000000,500.0000000000000000,500.0000000000000000,0.0015000000000000,100,'OrderAsk',4,'limit',500.0000000000000000,500.0000000000000000,0.0000000000000000,0,'2019-01-23 07:27:53','2019-01-23 07:27:53'),(8,'eth','kyn','kyneth',0.0100000000000000,800.0000000000000000,800.0000000000000000,0.0015000000000000,100,'OrderAsk',4,'limit',800.0000000000000000,800.0000000000000000,0.0000000000000000,0,'2019-01-23 07:28:19','2019-01-23 07:28:19'),(9,'eth','kyn','kyneth',0.0150000000000000,1000.0000000000000000,1000.0000000000000000,0.0015000000000000,100,'OrderAsk',4,'limit',1000.0000000000000000,1000.0000000000000000,0.0000000000000000,0,'2019-01-23 07:28:28','2019-01-23 07:28:28'),(10,'usd','eth','ethusd',119.0000000000000000,0.0000000000000000,0.2000000000000000,0.0015000000000000,200,'OrderAsk',3,'limit',0.0000000000000000,0.2000000000000000,23.8000000000000000,2,'2019-01-23 07:32:23','2019-01-23 07:32:23'),(11,'usd','eth','ethusd',122.0000000000000000,0.0000000000000000,0.3000000000000000,0.0015000000000000,200,'OrderAsk',3,'limit',0.0000000000000000,0.3000000000000000,36.6000000000000000,2,'2019-01-23 07:32:39','2019-01-23 07:32:39'),(12,'usd','eth','ethusd',127.0000000000000000,0.5000000000000000,0.5000000000000000,0.0015000000000000,0,'OrderAsk',3,'limit',0.5000000000000000,0.5000000000000000,0.0000000000000000,0,'2019-01-23 07:32:49','2019-01-23 07:42:10'),(13,'usd','eth','ethusd',130.0000000000000000,0.5000000000000000,0.5000000000000000,0.0015000000000000,0,'OrderAsk',3,'limit',0.5000000000000000,0.5000000000000000,0.0000000000000000,0,'2019-01-23 07:32:58','2019-01-23 08:58:34'),(14,'usd','eth','ethusd',137.0000000000000000,0.0000000000000000,0.3000000000000000,0.0015000000000000,200,'OrderAsk',3,'limit',0.0000000000000000,0.3000000000000000,41.1000000000000000,2,'2019-01-23 07:33:13','2019-01-23 07:33:13'),(15,'eth','kyn','kyneth',0.0045000000000000,100.0000000000000000,100.0000000000000000,0.0015000000000000,100,'OrderBid',3,'limit',0.4500000000000000,0.4500000000000000,0.0000000000000000,0,'2019-01-23 07:37:32','2019-01-23 07:37:32'),(16,'eth','kyn','kyneth',0.0040000000000000,100.0000000000000000,100.0000000000000000,0.0015000000000000,100,'OrderBid',3,'limit',0.4000000000000000,0.4000000000000000,0.0000000000000000,0,'2019-01-23 07:37:47','2019-01-23 07:37:47'),(20,'eth','kyn','kyneth',0.0030000000000000,150.0000000000000000,150.0000000000000000,0.0015000000000000,100,'OrderBid',3,'limit',0.4500000000000000,0.4500000000000000,0.0000000000000000,0,'2019-01-23 07:43:19','2019-01-23 07:43:19'),(21,'eth','kyn','kyneth',0.0020000000000000,200.0000000000000000,200.0000000000000000,0.0015000000000000,100,'OrderBid',3,'limit',0.4000000000000000,0.4000000000000000,0.0000000000000000,0,'2019-01-23 07:43:34','2019-01-23 07:43:34'),(22,'eth','kyn','kyneth',0.0200000000000000,300.0000000000000000,300.0000000000000000,0.0015000000000000,100,'OrderAsk',3,'limit',300.0000000000000000,300.0000000000000000,0.0000000000000000,0,'2019-01-23 07:44:10','2019-01-23 07:44:10'),(23,'eth','kyn','kyneth',0.0500000000000000,500.0000000000000000,500.0000000000000000,0.0015000000000000,100,'OrderAsk',3,'limit',500.0000000000000000,500.0000000000000000,0.0000000000000000,0,'2019-01-23 07:45:28','2019-01-23 07:45:28'),(24,'usd','eth','ethusd',118.5000000000000000,0.0000000000000000,0.1000000000000000,0.0015000000000000,200,'OrderBid',4,'limit',0.0000000000000000,11.8500000000000000,0.1000000000000000,1,'2019-01-23 08:59:19','2019-01-23 08:59:19'),(25,'usd','eth','ethusd',118.5000000000000000,0.0000000000000000,0.1000000000000000,0.0015000000000000,200,'OrderAsk',3,'limit',0.0000000000000000,0.1000000000000000,11.8500000000000000,1,'2019-01-23 09:00:04','2019-01-23 09:00:04'),(26,'usd','eth','ethusd',NULL,0.0000000000000000,0.1000000000000000,0.0015000000000000,200,'OrderBid',4,'market',1.1900000000000000,13.0900000000000000,0.1000000000000000,1,'2019-01-23 09:02:02','2019-01-23 09:02:02'),(27,'usd','eth','ethusd',117.0000000000000000,0.0000000000000000,0.2500000000000000,0.0015000000000000,200,'OrderBid',4,'limit',0.0000000000000000,29.2500000000000000,0.2500000000000000,1,'2019-01-23 09:03:54','2019-01-23 09:03:54'),(28,'usd','eth','ethusd',116.0000000000000000,0.0000000000000000,0.2800000000000000,0.0015000000000000,200,'OrderBid',4,'limit',0.0000000000000000,32.4800000000000000,0.2800000000000000,3,'2019-01-23 09:04:31','2019-01-23 09:04:31'),(29,'usd','eth','ethusd',114.0000000000000000,0.0000000000000000,0.2800000000000000,0.0015000000000000,200,'OrderBid',4,'limit',0.0000000000000000,31.9200000000000000,0.2800000000000000,3,'2019-01-23 09:05:02','2019-01-23 09:05:02'),(30,'usd','eth','ethusd',113.0000000000000000,0.0000000000000000,0.2500000000000000,0.0015000000000000,200,'OrderBid',4,'limit',0.0000000000000000,28.2500000000000000,0.2500000000000000,3,'2019-01-23 09:05:16','2019-01-23 09:05:16'),(31,'usd','eth','ethusd',111.0000000000000000,0.0000000000000000,0.2100000000000000,0.0015000000000000,200,'OrderBid',4,'limit',0.0000000000000000,23.3100000000000000,0.2100000000000000,2,'2019-01-23 09:12:50','2019-01-23 09:12:50'),(32,'usd','eth','ethusd',125.0000000000000000,0.0000000000000000,0.0500000000000000,0.0015000000000000,200,'OrderAsk',3,'limit',0.0000000000000000,0.0500000000000000,6.2500000000000000,1,'2019-01-23 09:22:02','2019-01-23 09:22:02'),(33,'usd','eth','ethusd',135.0000000000000000,0.0000000000000000,0.0800000000000000,0.0015000000000000,200,'OrderAsk',3,'limit',0.0000000000000000,0.0800000000000000,10.8000000000000000,2,'2019-01-23 09:22:17','2019-01-23 09:22:17'),(34,'usd','eth','ethusd',140.0000000000000000,0.0000000000000000,0.0900000000000000,0.0015000000000000,200,'OrderAsk',3,'limit',0.0000000000000000,0.0900000000000000,12.6000000000000000,2,'2019-01-23 09:22:28','2019-01-23 09:22:28'),(35,'usd','eth','ethusd',150.0000000000000000,0.2300000000000000,0.3000000000000000,0.0015000000000000,0,'OrderAsk',3,'limit',0.2300000000000000,0.3000000000000000,10.5000000000000000,1,'2019-01-23 09:22:38','2019-01-23 13:51:15'),(36,'usd','eth','ethusd',160.0000000000000000,0.1000000000000000,0.1000000000000000,0.0015000000000000,0,'OrderAsk',3,'limit',0.1000000000000000,0.1000000000000000,0.0000000000000000,0,'2019-01-23 09:23:15','2019-01-23 13:51:15'),(37,'usd','eth','ethusd',170.0000000000000000,0.2000000000000000,0.2000000000000000,0.0015000000000000,0,'OrderAsk',3,'limit',0.2000000000000000,0.2000000000000000,0.0000000000000000,0,'2019-01-23 09:23:24','2019-01-23 13:51:14'),(38,'usd','eth','ethusd',119.0000000000000000,0.0000000000000000,0.1000000000000000,0.0015000000000000,200,'OrderBid',3,'limit',0.0000000000000000,11.9000000000000000,0.1000000000000000,1,'2019-01-23 11:30:51','2019-01-23 11:30:51'),(40,'usd','eth','ethusd',118.0000000000000000,0.0000000000000000,0.1000000000000000,0.0015000000000000,200,'OrderAsk',4,'limit',0.0000000000000000,0.1000000000000000,11.8000000000000000,1,'2019-01-23 11:31:21','2019-01-23 11:31:21'),(41,'usd','eth','ethusd',117.0000000000000000,0.0000000000000000,0.1000000000000000,0.0015000000000000,200,'OrderAsk',4,'limit',0.0000000000000000,0.1000000000000000,11.8000000000000000,1,'2019-01-23 11:31:36','2019-01-23 11:31:36'),(44,'usd','eth','ethusd',110.0000000000000000,0.0000000000000000,0.2000000000000000,0.0015000000000000,200,'OrderBid',4,'limit',0.0000000000000000,22.0000000000000000,0.2000000000000000,2,'2019-01-23 11:32:20','2019-01-23 11:32:20'),(45,'usd','eth','ethusd',115.0000000000000000,0.0000000000000000,0.2000000000000000,0.0015000000000000,200,'OrderBid',4,'limit',0.0000000000000000,23.0000000000000000,0.2000000000000000,2,'2019-01-23 11:32:31','2019-01-23 11:32:31'),(46,'usd','eth','ethusd',NULL,0.0000000000000000,0.2000000000000000,0.0015000000000000,200,'OrderBid',4,'market',2.4400000000000000,26.8400000000000000,0.2000000000000000,1,'2019-01-23 11:32:43','2019-01-23 11:32:43'),(47,'usd','eth','ethusd',NULL,0.0000000000000000,0.4000000000000000,0.0015000000000000,200,'OrderAsk',3,'market',0.0000000000000000,0.4000000000000000,46.6500000000000000,2,'2019-01-23 11:32:45','2019-01-23 11:32:45'),(48,'usd','eth','ethusd',NULL,0.0000000000000000,0.1000000000000000,0.0015000000000000,200,'OrderAsk',4,'market',0.0000000000000000,0.1000000000000000,11.6000000000000000,1,'2019-01-23 11:32:53','2019-01-23 11:32:53'),(49,'usd','eth','ethusd',NULL,0.0000000000000000,0.2000000000000000,0.0015000000000000,200,'OrderBid',4,'market',2.5200000000000000,27.7200000000000000,0.2000000000000000,3,'2019-01-23 11:33:18','2019-01-23 11:33:18'),(50,'usd','eth','ethusd',NULL,0.0000000000000000,0.1000000000000000,0.0015000000000000,200,'OrderAsk',4,'market',0.0000000000000000,0.1000000000000000,11.5300000000000000,2,'2019-01-23 11:33:28','2019-01-23 11:33:28'),(51,'usd','eth','ethusd',NULL,0.0000000000000000,0.1000000000000000,0.0015000000000000,200,'OrderAsk',4,'market',0.0000000000000000,0.1000000000000000,11.5000000000000000,1,'2019-01-23 11:33:43','2019-01-23 11:33:43'),(52,'usd','eth','ethusd',NULL,0.0000000000000000,0.3000000000000000,0.0015000000000000,200,'OrderBid',4,'market',4.1040000000000000,45.1440000000000000,0.3000000000000000,2,'2019-01-23 11:34:00','2019-01-23 11:34:00'),(53,'usd','eth','ethusd',110.0000000000000000,0.0000000000000000,0.1000000000000000,0.0015000000000000,200,'OrderAsk',4,'limit',0.0000000000000000,0.1000000000000000,11.5000000000000000,1,'2019-01-23 11:34:46','2019-01-23 11:34:46'),(54,'usd','eth','ethusd',113.0000000000000000,0.0000000000000000,0.1000000000000000,0.0015000000000000,200,'OrderAsk',4,'limit',0.0000000000000000,0.1000000000000000,11.5000000000000000,2,'2019-01-23 11:35:10','2019-01-23 11:35:10'),(55,'usd','eth','ethusd',115.0000000000000000,0.0000000000000000,0.1500000000000000,0.0015000000000000,200,'OrderBid',4,'limit',0.0000000000000000,17.2500000000000000,0.1500000000000000,2,'2019-01-23 11:35:23','2019-01-23 11:35:23'),(56,'usd','eth','ethusd',110.0000000000000000,0.0000000000000000,0.1000000000000000,0.0015000000000000,200,'OrderBid',4,'limit',0.0000000000000000,11.0000000000000000,0.1000000000000000,2,'2019-01-23 11:35:54','2019-01-23 11:35:54'),(57,'usd','eth','ethusd',110.0000000000000000,0.0000000000000000,0.2000000000000000,0.0015000000000000,200,'OrderAsk',4,'limit',0.0000000000000000,0.2000000000000000,23.0000000000000000,2,'2019-01-23 11:36:07','2019-01-23 11:36:07'),(58,'usd','eth','ethusd',115.0000000000000000,0.0000000000000000,0.1000000000000000,0.0015000000000000,200,'OrderAsk',4,'limit',0.0000000000000000,0.1000000000000000,11.5000000000000000,2,'2019-01-23 11:36:23','2019-01-23 11:36:23'),(59,'usd','eth','ethusd',111.0000000000000000,0.0000000000000000,0.1000000000000000,0.0015000000000000,200,'OrderBid',4,'limit',0.0000000000000000,11.1000000000000000,0.1000000000000000,1,'2019-01-23 11:36:40','2019-01-23 11:36:40'),(60,'usd','eth','ethusd',115.0000000000000000,0.0000000000000000,0.4000000000000000,0.0015000000000000,200,'OrderAsk',4,'limit',0.0000000000000000,0.4000000000000000,46.0000000000000000,5,'2019-01-23 11:36:59','2019-01-23 11:36:59'),(61,'usd','eth','ethusd',NULL,0.0000000000000000,0.1000000000000000,0.0015000000000000,200,'OrderAsk',4,'market',0.0000000000000000,0.1000000000000000,11.4000000000000000,1,'2019-01-23 11:37:16','2019-01-23 11:37:16'),(62,'usd','eth','ethusd',NULL,0.0000000000000000,0.1000000000000000,0.0015000000000000,200,'OrderBid',4,'market',1.1500000000000000,12.6500000000000000,0.1000000000000000,2,'2019-01-23 11:37:39','2019-01-23 11:37:39'),(63,'usd','eth','ethusd',NULL,0.0000000000000000,0.2000000000000000,0.0015000000000000,200,'OrderBid',4,'market',2.3000000000000000,25.3000000000000000,0.2000000000000000,1,'2019-01-23 11:37:46','2019-01-23 11:37:46'),(64,'usd','eth','ethusd',1000.0000000000000000,0.2000000000000000,0.2000000000000000,0.0015000000000000,0,'OrderAsk',4,'limit',0.2000000000000000,0.2000000000000000,0.0000000000000000,0,'2019-01-23 11:38:29','2019-01-23 11:43:50'),(65,'usd','eth','ethusd',NULL,0.0000000000000000,0.1000000000000000,0.0015000000000000,200,'OrderAsk',4,'market',0.0000000000000000,0.1000000000000000,11.4000000000000000,1,'2019-01-23 11:38:49','2019-01-23 11:38:49'),(66,'usd','eth','ethusd',NULL,0.0000000000000000,0.0100000000000000,0.0015000000000000,200,'OrderBid',3,'market',0.1150000000000000,1.2650000000000000,0.0100000000000000,1,'2019-01-23 11:38:54','2019-01-23 11:38:54'),(67,'usd','eth','ethusd',NULL,0.0000000000000000,0.1000000000000000,0.0015000000000000,200,'OrderAsk',4,'market',0.0000000000000000,0.1000000000000000,11.3800000000000000,2,'2019-01-23 11:39:46','2019-01-23 11:39:46'),(68,'usd','eth','ethusd',NULL,0.0000000000000000,0.1000000000000000,0.0015000000000000,200,'OrderBid',4,'market',1.1500000000000000,12.6500000000000000,0.1000000000000000,1,'2019-01-23 11:40:09','2019-01-23 11:40:09'),(69,'usd','eth','ethusd',NULL,0.0000000000000000,0.2000000000000000,0.0015000000000000,200,'OrderAsk',4,'market',0.0000000000000000,0.2000000000000000,22.6000000000000000,1,'2019-01-23 11:40:17','2019-01-23 11:40:17'),(70,'usd','eth','ethusd',NULL,0.0000000000000000,0.2000000000000000,0.0015000000000000,200,'OrderAsk',4,'market',0.0000000000000000,0.2000000000000000,22.4300000000000000,2,'2019-01-23 11:40:27','2019-01-23 11:40:27'),(71,'usd','eth','ethusd',110.0000000000000000,0.0000000000000000,0.2000000000000000,0.0015000000000000,200,'OrderAsk',4,'limit',0.0000000000000000,0.2000000000000000,22.2300000000000000,2,'2019-01-23 11:41:20','2019-01-23 11:41:20'),(72,'usd','eth','ethusd',NULL,0.0000000000000000,0.1000000000000000,0.0015000000000000,200,'OrderBid',4,'market',1.3660000000000000,15.0260000000000000,0.1000000000000000,3,'2019-01-23 11:41:30','2019-01-23 11:41:30'),(73,'usd','eth','ethusd',NULL,0.0000000000000000,0.2000000000000000,0.0015000000000000,200,'OrderAsk',4,'market',0.0000000000000000,0.2000000000000000,22.1400000000000000,3,'2019-01-23 11:41:43','2019-01-23 11:41:43'),(74,'usd','eth','ethusd',NULL,0.0000000000000000,0.2000000000000000,0.0015000000000000,200,'OrderAsk',4,'market',0.0000000000000000,0.2000000000000000,22.0000000000000000,2,'2019-01-23 11:42:22','2019-01-23 11:42:22'),(75,'usd','eth','ethusd',110.0000000000000000,0.0000000000000000,0.1000000000000000,0.0015000000000000,200,'OrderBid',4,'limit',0.0000000000000000,11.0000000000000000,0.1000000000000000,1,'2019-01-23 11:42:39','2019-01-23 11:42:39'),(76,'usd','eth','ethusd',110.0000000000000000,0.0600000000000000,0.2000000000000000,0.0015000000000000,0,'OrderAsk',4,'limit',0.0600000000000000,0.2000000000000000,15.4000000000000000,2,'2019-01-23 11:42:53','2019-01-23 11:43:49'),(77,'usd','eth','ethusd',NULL,0.0000000000000000,0.5000000000000000,0.0015000000000000,200,'OrderAsk',4,'market',0.0000000000000000,0.5000000000000000,53.1000000000000000,2,'2019-01-23 11:43:32','2019-01-23 11:43:32'),(78,'usd','eth','ethusd',120.0000000000000000,0.2000000000000000,0.5000000000000000,0.0015000000000000,0,'OrderAsk',4,'limit',0.2000000000000000,0.5000000000000000,36.0000000000000000,3,'2019-01-23 11:44:05','2019-01-23 13:49:54'),(79,'usd','eth','ethusd',111.0000000000000000,0.1000000000000000,0.3000000000000000,0.0015000000000000,0,'OrderBid',4,'limit',11.1000000000000000,33.3000000000000000,0.2000000000000000,1,'2019-01-23 11:44:17','2019-01-23 13:49:54'),(80,'usd','eth','ethusd',111.0000000000000000,0.2000000000000000,0.2000000000000000,0.0015000000000000,0,'OrderBid',4,'limit',22.2000000000000000,22.2000000000000000,0.0000000000000000,0,'2019-01-23 11:45:44','2019-01-23 13:49:53'),(86,'usd','eth','ethusd',NULL,0.0000000000000000,0.1000000000000000,0.0015000000000000,200,'OrderBid',3,'market',1.2000000000000000,13.2000000000000000,0.1000000000000000,1,'2019-01-23 13:38:04','2019-01-23 13:38:04'),(87,'usd','eth','ethusd',NULL,0.0000000000000000,0.1000000000000000,0.0015000000000000,200,'OrderBid',3,'market',1.2000000000000000,13.2000000000000000,0.1000000000000000,1,'2019-01-23 13:38:07','2019-01-23 13:38:07'),(88,'usd','eth','ethusd',NULL,0.0000000000000000,0.1000000000000000,0.0015000000000000,200,'OrderBid',3,'market',1.2000000000000000,13.2000000000000000,0.1000000000000000,1,'2019-01-23 13:38:08','2019-01-23 13:38:08'),(93,'usd','eth','ethusd',111.0000000000000000,0.0000000000000000,0.2000000000000000,0.0015000000000000,200,'OrderAsk',4,'limit',0.0000000000000000,0.2000000000000000,22.2000000000000000,1,'2019-01-23 13:49:44','2019-01-23 13:49:44'),(94,'usd','eth','ethusd',1000.0000000000000000,0.0000000000000000,0.1000000000000000,0.0015000000000000,200,'OrderBid',4,'limit',85.3000000000000000,100.0000000000000000,0.1000000000000000,2,'2019-01-23 13:50:06','2019-01-23 13:50:06'),(95,'usd','eth','ethusd',1000.0000000000000000,0.0000000000000000,0.1000000000000000,0.0015000000000000,200,'OrderAsk',4,'limit',0.0000000000000000,0.1000000000000000,100.0000000000000000,1,'2019-01-23 13:50:14','2019-01-23 13:50:14'),(96,'usd','eth','ethusd',1000.0000000000000000,0.0000000000000000,0.1000000000000000,0.0015000000000000,200,'OrderBid',3,'limit',0.0000000000000000,100.0000000000000000,0.1000000000000000,1,'2019-01-23 13:51:37','2019-01-23 13:51:37'),(100,'usd','eth','ethusd',1000.0000000000000000,0.0000000000000000,0.1000000000000000,0.0015000000000000,200,'OrderBid',4,'limit',0.0000000000000000,100.0000000000000000,0.1000000000000000,1,'2019-01-23 13:53:37','2019-01-23 13:53:37'),(101,'usd','eth','ethusd',10.0000000000000000,0.1000000000000000,0.1000000000000000,0.0015000000000000,0,'OrderBid',3,'limit',1.0000000000000000,1.0000000000000000,0.0000000000000000,0,'2019-01-23 13:54:10','2019-01-23 13:55:15'),(102,'usd','eth','ethusd',10.0000000000000000,0.0000000000000000,0.1000000000000000,0.0015000000000000,200,'OrderAsk',4,'limit',0.0000000000000000,0.1000000000000000,100.0000000000000000,1,'2019-01-23 13:54:25','2019-01-23 13:54:25'),(103,'usd','eth','ethusd',10.0000000000000000,0.0000000000000000,0.1000000000000000,0.0015000000000000,200,'OrderBid',3,'limit',0.0000000000000000,1.0000000000000000,0.1000000000000000,1,'2019-01-23 13:55:21','2019-01-23 13:55:21'),(104,'usd','eth','ethusd',10.0000000000000000,0.0000000000000000,0.1000000000000000,0.0015000000000000,200,'OrderAsk',4,'limit',0.0000000000000000,0.1000000000000000,1.0000000000000000,1,'2019-01-23 13:55:42','2019-01-23 13:55:42'),(105,'usd','eth','ethusd',10.0000000000000000,0.0000000000000000,0.1000000000000000,0.0015000000000000,200,'OrderBid',3,'limit',0.0000000000000000,1.0000000000000000,0.1000000000000000,1,'2019-01-23 13:56:02','2019-01-23 13:56:02'),(106,'usd','eth','ethusd',10.0000000000000000,0.0000000000000000,0.1000000000000000,0.0015000000000000,200,'OrderAsk',4,'limit',0.0000000000000000,0.1000000000000000,1.0000000000000000,1,'2019-01-23 13:56:25','2019-01-23 13:56:25'),(107,'usd','eth','ethusd',10.0000000000000000,0.0000000000000000,0.1000000000000000,0.0015000000000000,200,'OrderBid',3,'limit',0.0000000000000000,1.0000000000000000,0.1000000000000000,1,'2019-01-23 13:58:39','2019-01-23 13:58:39'),(108,'usd','eth','ethusd',10.0000000000000000,0.0000000000000000,0.1000000000000000,0.0015000000000000,200,'OrderAsk',3,'limit',0.0000000000000000,0.1000000000000000,1.0000000000000000,1,'2019-01-23 13:58:51','2019-01-23 13:58:51');
/*!40000 ALTER TABLE `orders` ENABLE KEYS */;
UNLOCK TABLES;

--
-- Table structure for table `payment_addresses`
--

DROP TABLE IF EXISTS `payment_addresses`;
/*!40101 SET @saved_cs_client     = @@character_set_client */;
/*!40101 SET character_set_client = utf8 */;
CREATE TABLE `payment_addresses` (
  `id` int(11) NOT NULL AUTO_INCREMENT,
  `currency_id` varchar(10) NOT NULL,
  `account_id` int(11) NOT NULL,
  `address` varchar(95) DEFAULT NULL,
  `secret` varchar(128) DEFAULT NULL,
  `details` varchar(1024) NOT NULL DEFAULT '{}',
  `created_at` datetime NOT NULL,
  `updated_at` datetime NOT NULL,
  PRIMARY KEY (`id`),
  UNIQUE KEY `index_payment_addresses_on_currency_id_and_address` (`currency_id`,`address`)
) ENGINE=InnoDB AUTO_INCREMENT=22 DEFAULT CHARSET=utf8;
/*!40101 SET character_set_client = @saved_cs_client */;

--
-- Dumping data for table `payment_addresses`
--

LOCK TABLES `payment_addresses` WRITE;
/*!40000 ALTER TABLE `payment_addresses` DISABLE KEYS */;
INSERT INTO `payment_addresses` VALUES (1,'eth',1,'0xe40666e5297b20ed002c94a65f59f36ec2942608','wx/Iagy#QYZ)c7vAgI7wl/teJ+iymHSjmn2xc&p!iBfWFl5WkGtFJ@K0mTFUI!KM','{}','2019-01-22 15:26:03','2019-01-22 15:41:36'),(3,'trst',3,'0xe865edbfa15327dcedb0b507be7305f71a894582','ET9ttZ#p/1Iz)Gm5ULrGLHRRzYAvCrrc%k&ywtNFq3GsUc&()pVyQ6AvkmuOQuxx','{}','2019-01-22 15:26:04','2019-01-22 19:26:47'),(4,'eth',5,'0xa27db7f644fd329abe8fc4bced462c05ef2c92cf','38BzkxNM+%gWl%HO5@Yf8J#v!J8sw/IAOm7%YnKB21#%!o$?uO41fTL4N!IYU@nQ','{}','2019-01-22 15:44:19','2019-01-22 17:51:16'),(5,'eth',9,'0x9ddacb6dbfb8cb4d0d39cbd5a69cb76d92303edf','/hH?SAP1VwDpWi490?&idP$jT1/CxpjC*%#CQBNu+8giKKM+1!yr$h%gs$GmnZxH','{}','2019-01-22 18:03:46','2019-01-22 18:03:56'),(6,'trst',11,'0xb318d836f2c512497b7a6846f6ae20688b9cf639','T!uX##eRy139Zul7RbFq+G1UJV9!XEHM3cni+lz2X+#dIOB7fc$4u6$AAU1hejr#','{}','2019-01-22 18:20:46','2019-01-22 20:20:30'),(7,'kyn',10,'0x61922a271c24fab6b1fd8b822e259d883fad39c3','O/0ik%)be2nCM1QmLIr#nCAr$pH5*+2jv/(zDaFO&aeHDy*5BfWryjJ9/7*Sb&WJ','{}','2019-01-22 18:27:26','2019-01-22 19:35:56'),(8,'eth',13,'0x1ceb42cc7a7d0d60e1605e04567a463fc991e123','V1BfpYy@PB5fVNpOH!B*e0++VVnkh26gGKx4?8ir?vI8Te%78Dts(rX!B%rSmUAx','{}','2019-01-22 19:22:53','2019-01-22 19:22:57'),(9,'kyn',14,'0xec151f867b69704e0612c2bdd9c853fb57094a91','qAD3p&S20dZ&r($WjJm(*mN4!8@jcFaz8Tv2(B$0yBjdqbTHh$1kMFjDr%Sw!R&1','{}','2019-01-22 19:22:53','2019-01-22 19:37:55'),(10,'trst',15,'0xc0632e2a7db677a228b78e9974f15c98a90553c9','&+S3GCC*eROVoHH+df?/mYHf/fp8?h5xD5yEP91Zk%aJN5C)50Vn%)Z@s2i+DknY','{}','2019-01-22 19:22:53','2019-01-22 19:37:59'),(11,'kyn',6,'0xc122c4505bdb387754e19e9f292f0a822178f2a2','HNG7ubl?UUpJ)dKbE74/z6ZIM4Ub80$r%SK7yNm3IbYYI0%dWJ%Z@wM7kz!Rqmk6','{}','2019-01-23 08:19:04','2019-01-23 08:19:07'),(12,'trst',7,'0x7d66a0fd468b5defeacf9ad5b9f700ee06e9eced','LIX%@7(Q*765HG@+w6C%hE$GZ)ZSmeO3Vqd?SM1MgLfE*Tu1d)iGj/ZIT+&JsEC!','{}','2019-01-23 08:19:05','2019-01-23 08:19:10'),(13,'eth',17,'0xadba52efafdaf8ec2359b2fea69e071581ff0275','zG8&DfM*ul3voO(Ft0ofv(sFc(jqGum9MesUu0445Ywrae1s#ir2JmnZ7618CCXX','{}','2019-01-23 08:48:58','2019-01-23 08:49:01'),(14,'kyn',18,'0x49f35337a3025dcf7a62d46770f72f99457c91a5','XZ*wGQnzAPen8zOq5k2T)iTCk!u%QS5yUUN5Ap2iIezRscc?1mTwkDdx#g!YBxJp','{}','2019-01-23 08:49:01','2019-01-23 08:49:09'),(15,'trst',19,'0x65364bebdeed0184f207d7a2f49c81f986b179dc','%M7wM5B*3J!26W@SwU6g0h93zPKAIqDflY7nDG/aRQWgEOIzwqs#hkdktk4#&(E/','{}','2019-01-23 08:49:03','2019-01-23 08:49:14'),(16,'eth',21,'0xdfe9ae9496b70410c4fe466766d082581445a3e4','+d$1bTT&4UCruFaHHVt0y9SKntSA0rBFIgm*AQ5)Q3*IYpCRa9V&V$$4B/jZ?o6+','{}','2019-01-23 08:56:39','2019-01-23 08:56:42'),(17,'kyn',22,'0xb299f3f77b4a7e5fbc045702574b98477b2a8a02','@n0aGFSLQdjefJeFyWfltc5hv/QutFZbMhFSCW?ZCI+c8GvEAgcLnqkVF8id#qYA','{}','2019-01-23 08:56:40','2019-01-23 08:56:44'),(18,'trst',23,'0x55254af3236cafe816c8df83e891e90e69e75241','6!ETsQT+u/a7Zw2k(dqeQNbex*9+%tGdyH9f+gBSNGNB6YEHQMc6QPmuUa6hWrUF','{}','2019-01-23 08:56:41','2019-01-23 08:56:46'),(19,'eth',29,'0xed6675ad4e84c1096632bbf7df93ab8f7a52e2d1','+rA@r)@msq9WFj%WI8w$dud7DP)X&p#4VyMxIwHir/mhaOjFd@J/v6T+o!!AquRi','{}','2019-01-23 11:53:12','2019-01-23 11:53:14'),(20,'kyn',30,'0xfec9ba06907d5b0c7ad890e35dab65380479f37c','nH%5Grf$ODzYLo)nzJy?GGkf2c?c*)netey35V5jyEcdhl)yoh&P#nhzjPCa$rs4','{}','2019-01-23 11:53:15','2019-01-23 11:53:20'),(21,'trst',31,'0xa788a1e4bc7127f4ab8e4cf82a59fdc93f9c8450','VwfC?SzJFaW&G%D/)I7B!na9++F09keNdP&eZCQXMjGjC+UcSWx79R0zEB&ZsPAz','{}','2019-01-23 11:53:16','2019-01-23 11:53:25');
/*!40000 ALTER TABLE `payment_addresses` ENABLE KEYS */;
UNLOCK TABLES;

--
-- Table structure for table `revenues`
--

DROP TABLE IF EXISTS `revenues`;
/*!40101 SET @saved_cs_client     = @@character_set_client */;
/*!40101 SET character_set_client = utf8 */;
CREATE TABLE `revenues` (
  `id` int(11) NOT NULL AUTO_INCREMENT,
  `code` int(11) NOT NULL,
  `currency_id` varchar(255) NOT NULL,
  `member_id` int(11) DEFAULT NULL,
  `reference_id` int(11) DEFAULT NULL,
  `reference_type` varchar(255) DEFAULT NULL,
  `debit` decimal(32,16) NOT NULL DEFAULT '0.0000000000000000',
  `credit` decimal(32,16) NOT NULL DEFAULT '0.0000000000000000',
  `created_at` datetime NOT NULL,
  `updated_at` datetime NOT NULL,
  PRIMARY KEY (`id`),
  KEY `index_revenues_on_currency_id` (`currency_id`),
  KEY `index_revenues_on_reference_type_and_reference_id` (`reference_type`,`reference_id`)
) ENGINE=InnoDB AUTO_INCREMENT=121 DEFAULT CHARSET=utf8;
/*!40101 SET character_set_client = @saved_cs_client */;

--
-- Dumping data for table `revenues`
--

LOCK TABLES `revenues` WRITE;
/*!40000 ALTER TABLE `revenues` DISABLE KEYS */;
INSERT INTO `revenues` VALUES (1,302,'eth',NULL,1,'Trade',0.0000000000000000,0.0001500000000000,'2019-01-23 09:00:05','2019-01-23 09:00:05'),(2,301,'usd',NULL,1,'Trade',0.0000000000000000,0.0177750000000000,'2019-01-23 09:00:05','2019-01-23 09:00:05'),(3,302,'eth',NULL,2,'Trade',0.0000000000000000,0.0001500000000000,'2019-01-23 09:02:02','2019-01-23 09:02:02'),(4,301,'usd',NULL,2,'Trade',0.0000000000000000,0.0178500000000000,'2019-01-23 09:02:02','2019-01-23 09:02:02'),(5,302,'eth',NULL,3,'Trade',0.0000000000000000,0.0001500000000000,'2019-01-23 11:30:51','2019-01-23 11:30:51'),(6,301,'usd',NULL,3,'Trade',0.0000000000000000,0.0178500000000000,'2019-01-23 11:30:51','2019-01-23 11:30:51'),(7,302,'eth',NULL,4,'Trade',0.0000000000000000,0.0001500000000000,'2019-01-23 11:31:21','2019-01-23 11:31:21'),(8,301,'usd',NULL,4,'Trade',0.0000000000000000,0.0177000000000000,'2019-01-23 11:31:21','2019-01-23 11:31:21'),(9,302,'eth',NULL,5,'Trade',0.0000000000000000,0.0001500000000000,'2019-01-23 11:31:36','2019-01-23 11:31:36'),(10,301,'usd',NULL,5,'Trade',0.0000000000000000,0.0177000000000000,'2019-01-23 11:31:36','2019-01-23 11:31:36'),(11,302,'eth',NULL,6,'Trade',0.0000000000000000,0.0003000000000000,'2019-01-23 11:32:43','2019-01-23 11:32:43'),(12,301,'usd',NULL,6,'Trade',0.0000000000000000,0.0366000000000000,'2019-01-23 11:32:43','2019-01-23 11:32:43'),(13,302,'eth',NULL,7,'Trade',0.0000000000000000,0.0003750000000000,'2019-01-23 11:32:45','2019-01-23 11:32:45'),(14,301,'usd',NULL,7,'Trade',0.0000000000000000,0.0438750000000000,'2019-01-23 11:32:45','2019-01-23 11:32:45'),(15,302,'eth',NULL,8,'Trade',0.0000000000000000,0.0002250000000000,'2019-01-23 11:32:45','2019-01-23 11:32:45'),(16,301,'usd',NULL,8,'Trade',0.0000000000000000,0.0261000000000000,'2019-01-23 11:32:45','2019-01-23 11:32:45'),(17,302,'eth',NULL,9,'Trade',0.0000000000000000,0.0001500000000000,'2019-01-23 11:32:53','2019-01-23 11:32:53'),(18,301,'usd',NULL,9,'Trade',0.0000000000000000,0.0174000000000000,'2019-01-23 11:32:53','2019-01-23 11:32:53'),(19,302,'eth',NULL,10,'Trade',0.0000000000000000,0.0001500000000000,'2019-01-23 11:33:18','2019-01-23 11:33:18'),(20,301,'usd',NULL,10,'Trade',0.0000000000000000,0.0183000000000000,'2019-01-23 11:33:18','2019-01-23 11:33:18'),(21,302,'eth',NULL,11,'Trade',0.0000000000000000,0.0000750000000000,'2019-01-23 11:33:18','2019-01-23 11:33:18'),(22,301,'usd',NULL,11,'Trade',0.0000000000000000,0.0093750000000000,'2019-01-23 11:33:18','2019-01-23 11:33:18'),(23,302,'eth',NULL,12,'Trade',0.0000000000000000,0.0000750000000000,'2019-01-23 11:33:18','2019-01-23 11:33:18'),(24,301,'usd',NULL,12,'Trade',0.0000000000000000,0.0101250000000000,'2019-01-23 11:33:18','2019-01-23 11:33:18'),(25,302,'eth',NULL,13,'Trade',0.0000000000000000,0.0000450000000000,'2019-01-23 11:33:28','2019-01-23 11:33:28'),(26,301,'usd',NULL,13,'Trade',0.0000000000000000,0.0052200000000000,'2019-01-23 11:33:28','2019-01-23 11:33:28'),(27,302,'eth',NULL,14,'Trade',0.0000000000000000,0.0001050000000000,'2019-01-23 11:33:28','2019-01-23 11:33:28'),(28,301,'usd',NULL,14,'Trade',0.0000000000000000,0.0120750000000000,'2019-01-23 11:33:28','2019-01-23 11:33:28'),(29,302,'eth',NULL,15,'Trade',0.0000000000000000,0.0001500000000000,'2019-01-23 11:33:43','2019-01-23 11:33:43'),(30,301,'usd',NULL,15,'Trade',0.0000000000000000,0.0172500000000000,'2019-01-23 11:33:43','2019-01-23 11:33:43'),(31,302,'eth',NULL,16,'Trade',0.0000000000000000,0.0000450000000000,'2019-01-23 11:34:00','2019-01-23 11:34:00'),(32,301,'usd',NULL,16,'Trade',0.0000000000000000,0.0060750000000000,'2019-01-23 11:34:00','2019-01-23 11:34:00'),(33,302,'eth',NULL,17,'Trade',0.0000000000000000,0.0004050000000000,'2019-01-23 11:34:00','2019-01-23 11:34:00'),(34,301,'usd',NULL,17,'Trade',0.0000000000000000,0.0554850000000000,'2019-01-23 11:34:00','2019-01-23 11:34:00'),(35,302,'eth',NULL,18,'Trade',0.0000000000000000,0.0001500000000000,'2019-01-23 11:34:46','2019-01-23 11:34:46'),(36,301,'usd',NULL,18,'Trade',0.0000000000000000,0.0172500000000000,'2019-01-23 11:34:46','2019-01-23 11:34:46'),(37,302,'eth',NULL,19,'Trade',0.0000000000000000,0.0000450000000000,'2019-01-23 11:35:10','2019-01-23 11:35:10'),(38,301,'usd',NULL,19,'Trade',0.0000000000000000,0.0051750000000000,'2019-01-23 11:35:10','2019-01-23 11:35:10'),(39,302,'eth',NULL,20,'Trade',0.0000000000000000,0.0001050000000000,'2019-01-23 11:35:10','2019-01-23 11:35:10'),(40,301,'usd',NULL,20,'Trade',0.0000000000000000,0.0120750000000000,'2019-01-23 11:35:10','2019-01-23 11:35:10'),(41,302,'eth',NULL,21,'Trade',0.0000000000000000,0.0001950000000000,'2019-01-23 11:36:07','2019-01-23 11:36:07'),(42,301,'usd',NULL,21,'Trade',0.0000000000000000,0.0224250000000000,'2019-01-23 11:36:07','2019-01-23 11:36:07'),(43,302,'eth',NULL,22,'Trade',0.0000000000000000,0.0001050000000000,'2019-01-23 11:36:07','2019-01-23 11:36:07'),(44,301,'usd',NULL,22,'Trade',0.0000000000000000,0.0120750000000000,'2019-01-23 11:36:07','2019-01-23 11:36:07'),(45,302,'eth',NULL,23,'Trade',0.0000000000000000,0.0001200000000000,'2019-01-23 11:36:23','2019-01-23 11:36:23'),(46,301,'usd',NULL,23,'Trade',0.0000000000000000,0.0138000000000000,'2019-01-23 11:36:23','2019-01-23 11:36:23'),(47,302,'eth',NULL,24,'Trade',0.0000000000000000,0.0001500000000000,'2019-01-23 11:37:16','2019-01-23 11:37:16'),(48,301,'usd',NULL,24,'Trade',0.0000000000000000,0.0171000000000000,'2019-01-23 11:37:16','2019-01-23 11:37:16'),(49,302,'eth',NULL,25,'Trade',0.0000000000000000,0.0000300000000000,'2019-01-23 11:37:39','2019-01-23 11:37:39'),(50,301,'usd',NULL,25,'Trade',0.0000000000000000,0.0034500000000000,'2019-01-23 11:37:39','2019-01-23 11:37:39'),(51,302,'eth',NULL,26,'Trade',0.0000000000000000,0.0001200000000000,'2019-01-23 11:37:39','2019-01-23 11:37:39'),(52,301,'usd',NULL,26,'Trade',0.0000000000000000,0.0138000000000000,'2019-01-23 11:37:39','2019-01-23 11:37:39'),(53,302,'eth',NULL,27,'Trade',0.0000000000000000,0.0003000000000000,'2019-01-23 11:37:46','2019-01-23 11:37:46'),(54,301,'usd',NULL,27,'Trade',0.0000000000000000,0.0345000000000000,'2019-01-23 11:37:46','2019-01-23 11:37:46'),(55,302,'eth',NULL,28,'Trade',0.0000000000000000,0.0001500000000000,'2019-01-23 11:38:49','2019-01-23 11:38:49'),(56,301,'usd',NULL,28,'Trade',0.0000000000000000,0.0171000000000000,'2019-01-23 11:38:49','2019-01-23 11:38:49'),(57,302,'eth',NULL,29,'Trade',0.0000000000000000,0.0000150000000000,'2019-01-23 11:38:54','2019-01-23 11:38:54'),(58,301,'usd',NULL,29,'Trade',0.0000000000000000,0.0017250000000000,'2019-01-23 11:38:54','2019-01-23 11:38:54'),(59,302,'eth',NULL,30,'Trade',0.0000000000000000,0.0001200000000000,'2019-01-23 11:39:46','2019-01-23 11:39:46'),(60,301,'usd',NULL,30,'Trade',0.0000000000000000,0.0136800000000000,'2019-01-23 11:39:46','2019-01-23 11:39:46'),(61,302,'eth',NULL,31,'Trade',0.0000000000000000,0.0000300000000000,'2019-01-23 11:39:47','2019-01-23 11:39:47'),(62,301,'usd',NULL,31,'Trade',0.0000000000000000,0.0033900000000000,'2019-01-23 11:39:47','2019-01-23 11:39:47'),(63,302,'eth',NULL,32,'Trade',0.0000000000000000,0.0001500000000000,'2019-01-23 11:40:09','2019-01-23 11:40:09'),(64,301,'usd',NULL,32,'Trade',0.0000000000000000,0.0172500000000000,'2019-01-23 11:40:09','2019-01-23 11:40:09'),(65,302,'eth',NULL,33,'Trade',0.0000000000000000,0.0003000000000000,'2019-01-23 11:40:17','2019-01-23 11:40:17'),(66,301,'usd',NULL,33,'Trade',0.0000000000000000,0.0339000000000000,'2019-01-23 11:40:17','2019-01-23 11:40:17'),(67,302,'eth',NULL,34,'Trade',0.0000000000000000,0.0000450000000000,'2019-01-23 11:40:27','2019-01-23 11:40:27'),(68,301,'usd',NULL,34,'Trade',0.0000000000000000,0.0050850000000000,'2019-01-23 11:40:27','2019-01-23 11:40:27'),(69,302,'eth',NULL,35,'Trade',0.0000000000000000,0.0002550000000000,'2019-01-23 11:40:27','2019-01-23 11:40:27'),(70,301,'usd',NULL,35,'Trade',0.0000000000000000,0.0285600000000000,'2019-01-23 11:40:27','2019-01-23 11:40:27'),(71,302,'eth',NULL,36,'Trade',0.0000000000000000,0.0000450000000000,'2019-01-23 11:41:20','2019-01-23 11:41:20'),(72,301,'usd',NULL,36,'Trade',0.0000000000000000,0.0050400000000000,'2019-01-23 11:41:20','2019-01-23 11:41:20'),(73,302,'eth',NULL,37,'Trade',0.0000000000000000,0.0002550000000000,'2019-01-23 11:41:20','2019-01-23 11:41:20'),(74,301,'usd',NULL,37,'Trade',0.0000000000000000,0.0283050000000000,'2019-01-23 11:41:20','2019-01-23 11:41:20'),(75,302,'eth',NULL,38,'Trade',0.0000000000000000,0.0000150000000000,'2019-01-23 11:41:30','2019-01-23 11:41:30'),(76,301,'usd',NULL,38,'Trade',0.0000000000000000,0.0017250000000000,'2019-01-23 11:41:30','2019-01-23 11:41:30'),(77,302,'eth',NULL,39,'Trade',0.0000000000000000,0.0000450000000000,'2019-01-23 11:41:30','2019-01-23 11:41:30'),(78,301,'usd',NULL,39,'Trade',0.0000000000000000,0.0061650000000000,'2019-01-23 11:41:30','2019-01-23 11:41:30'),(79,302,'eth',NULL,40,'Trade',0.0000000000000000,0.0000900000000000,'2019-01-23 11:41:30','2019-01-23 11:41:30'),(80,301,'usd',NULL,40,'Trade',0.0000000000000000,0.0126000000000000,'2019-01-23 11:41:30','2019-01-23 11:41:30'),(81,302,'eth',NULL,41,'Trade',0.0000000000000000,0.0000600000000000,'2019-01-23 11:41:43','2019-01-23 11:41:43'),(82,301,'usd',NULL,41,'Trade',0.0000000000000000,0.0066600000000000,'2019-01-23 11:41:43','2019-01-23 11:41:43'),(83,302,'eth',NULL,42,'Trade',0.0000000000000000,0.0001500000000000,'2019-01-23 11:41:43','2019-01-23 11:41:43'),(84,301,'usd',NULL,42,'Trade',0.0000000000000000,0.0166500000000000,'2019-01-23 11:41:43','2019-01-23 11:41:43'),(85,302,'eth',NULL,43,'Trade',0.0000000000000000,0.0000900000000000,'2019-01-23 11:41:43','2019-01-23 11:41:43'),(86,301,'usd',NULL,43,'Trade',0.0000000000000000,0.0099000000000000,'2019-01-23 11:41:43','2019-01-23 11:41:43'),(87,302,'eth',NULL,44,'Trade',0.0000000000000000,0.0002100000000000,'2019-01-23 11:42:22','2019-01-23 11:42:22'),(88,301,'usd',NULL,44,'Trade',0.0000000000000000,0.0231000000000000,'2019-01-23 11:42:22','2019-01-23 11:42:22'),(89,302,'eth',NULL,45,'Trade',0.0000000000000000,0.0000900000000000,'2019-01-23 11:42:22','2019-01-23 11:42:22'),(90,301,'usd',NULL,45,'Trade',0.0000000000000000,0.0099000000000000,'2019-01-23 11:42:22','2019-01-23 11:42:22'),(91,302,'eth',NULL,46,'Trade',0.0000000000000000,0.0000600000000000,'2019-01-23 11:42:54','2019-01-23 11:42:54'),(92,301,'usd',NULL,46,'Trade',0.0000000000000000,0.0066000000000000,'2019-01-23 11:42:54','2019-01-23 11:42:54'),(93,302,'eth',NULL,47,'Trade',0.0000000000000000,0.0001500000000000,'2019-01-23 11:42:54','2019-01-23 11:42:54'),(94,301,'usd',NULL,47,'Trade',0.0000000000000000,0.0165000000000000,'2019-01-23 11:42:54','2019-01-23 11:42:54'),(95,302,'eth',NULL,48,'Trade',0.0000000000000000,0.0006000000000000,'2019-01-23 11:43:32','2019-01-23 11:43:32'),(96,301,'usd',NULL,48,'Trade',0.0000000000000000,0.0648000000000000,'2019-01-23 11:43:32','2019-01-23 11:43:32'),(97,302,'eth',NULL,49,'Trade',0.0000000000000000,0.0001500000000000,'2019-01-23 11:43:32','2019-01-23 11:43:32'),(98,301,'usd',NULL,49,'Trade',0.0000000000000000,0.0148500000000000,'2019-01-23 11:43:32','2019-01-23 11:43:32'),(99,302,'eth',NULL,50,'Trade',0.0000000000000000,0.0001500000000000,'2019-01-23 13:38:04','2019-01-23 13:38:04'),(100,301,'usd',NULL,50,'Trade',0.0000000000000000,0.0180000000000000,'2019-01-23 13:38:04','2019-01-23 13:38:04'),(101,302,'eth',NULL,51,'Trade',0.0000000000000000,0.0001500000000000,'2019-01-23 13:38:07','2019-01-23 13:38:07'),(102,301,'usd',NULL,51,'Trade',0.0000000000000000,0.0180000000000000,'2019-01-23 13:38:07','2019-01-23 13:38:07'),(103,302,'eth',NULL,52,'Trade',0.0000000000000000,0.0001500000000000,'2019-01-23 13:38:08','2019-01-23 13:38:08'),(104,301,'usd',NULL,52,'Trade',0.0000000000000000,0.0180000000000000,'2019-01-23 13:38:08','2019-01-23 13:38:08'),(105,302,'eth',NULL,53,'Trade',0.0000000000000000,0.0003000000000000,'2019-01-23 13:49:44','2019-01-23 13:49:44'),(106,301,'usd',NULL,53,'Trade',0.0000000000000000,0.0333000000000000,'2019-01-23 13:49:44','2019-01-23 13:49:44'),(107,302,'eth',NULL,54,'Trade',0.0000000000000000,0.0000450000000000,'2019-01-23 13:50:06','2019-01-23 13:50:06'),(108,301,'usd',NULL,54,'Trade',0.0000000000000000,0.0063000000000000,'2019-01-23 13:50:06','2019-01-23 13:50:06'),(109,302,'eth',NULL,55,'Trade',0.0000000000000000,0.0001050000000000,'2019-01-23 13:50:07','2019-01-23 13:50:07'),(110,301,'usd',NULL,55,'Trade',0.0000000000000000,0.0157500000000000,'2019-01-23 13:50:07','2019-01-23 13:50:07'),(111,302,'eth',NULL,56,'Trade',0.0000000000000000,0.0001500000000000,'2019-01-23 13:51:37','2019-01-23 13:51:37'),(112,301,'usd',NULL,56,'Trade',0.0000000000000000,0.1500000000000000,'2019-01-23 13:51:37','2019-01-23 13:51:37'),(113,302,'eth',NULL,57,'Trade',0.0000000000000000,0.0001500000000000,'2019-01-23 13:54:25','2019-01-23 13:54:25'),(114,301,'usd',NULL,57,'Trade',0.0000000000000000,0.1500000000000000,'2019-01-23 13:54:25','2019-01-23 13:54:25'),(115,302,'eth',NULL,58,'Trade',0.0000000000000000,0.0001500000000000,'2019-01-23 13:55:42','2019-01-23 13:55:42'),(116,301,'usd',NULL,58,'Trade',0.0000000000000000,0.0015000000000000,'2019-01-23 13:55:42','2019-01-23 13:55:42'),(117,302,'eth',NULL,59,'Trade',0.0000000000000000,0.0001500000000000,'2019-01-23 13:56:25','2019-01-23 13:56:25'),(118,301,'usd',NULL,59,'Trade',0.0000000000000000,0.0015000000000000,'2019-01-23 13:56:25','2019-01-23 13:56:25'),(119,302,'eth',NULL,60,'Trade',0.0000000000000000,0.0001500000000000,'2019-01-23 13:58:51','2019-01-23 13:58:51'),(120,301,'usd',NULL,60,'Trade',0.0000000000000000,0.0015000000000000,'2019-01-23 13:58:51','2019-01-23 13:58:51');
/*!40000 ALTER TABLE `revenues` ENABLE KEYS */;
UNLOCK TABLES;

--
-- Table structure for table `schema_migrations`
--

DROP TABLE IF EXISTS `schema_migrations`;
/*!40101 SET @saved_cs_client     = @@character_set_client */;
/*!40101 SET character_set_client = utf8 */;
CREATE TABLE `schema_migrations` (
  `version` varchar(255) NOT NULL,
  UNIQUE KEY `unique_schema_migrations` (`version`)
) ENGINE=InnoDB DEFAULT CHARSET=utf8;
/*!40101 SET character_set_client = @saved_cs_client */;

--
-- Dumping data for table `schema_migrations`
--

LOCK TABLES `schema_migrations` WRITE;
/*!40000 ALTER TABLE `schema_migrations` DISABLE KEYS */;
INSERT INTO `schema_migrations` VALUES ('20180112151205'),('20180212115002'),('20180212115751'),('20180213160501'),('20180215124645'),('20180215131129'),('20180215144645'),('20180215144646'),('20180216145412'),('20180227163417'),('20180303121013'),('20180303211737'),('20180305111648'),('20180315132521'),('20180315145436'),('20180315150348'),('20180315185255'),('20180325001828'),('20180327020701'),('20180329145257'),('20180329145557'),('20180329154130'),('20180403115050'),('20180403134930'),('20180403135744'),('20180403145234'),('20180403231931'),('20180406080444'),('20180406185130'),('20180407082641'),('20180409115144'),('20180409115902'),('20180416160438'),('20180417085823'),('20180417111305'),('20180417175453'),('20180419122223'),('20180425094920'),('20180425152420'),('20180425224307'),('20180501082703'),('20180501141718'),('20180516094307'),('20180516101606'),('20180516104042'),('20180516105035'),('20180516110336'),('20180516124235'),('20180516131005'),('20180516133138'),('20180517084245'),('20180517101842'),('20180517110003'),('20180522105709'),('20180522121046'),('20180522165830'),('20180524170927'),('20180525101406'),('20180529125011'),('20180530122201'),('20180605104154'),('20180613140856'),('20180613144712'),('20180704103131'),('20180704115110'),('20180708014826'),('20180708171446'),('20180716115113'),('20180718113111'),('20180719123616'),('20180719172203'),('20180720165705'),('20180726110440'),('20180727054453'),('20180803144827'),('20180808144704'),('20180813105100'),('20180905112301'),('20180925123806'),('20181004114428'),('20181017114624'),('20181027192001'),('20181028000150'),('20181105102116'),('20181105102422'),('20181105102537'),('20181105120211'),('20181120113445'),('20181126101312'),('20181210162905'),('20181219115439'),('20181219133822'),('20181226170925'),('20181229051129'),('20190110164859'),('20190115165813'),('20190116140939');
/*!40000 ALTER TABLE `schema_migrations` ENABLE KEYS */;
UNLOCK TABLES;

--
-- Table structure for table `trades`
--

DROP TABLE IF EXISTS `trades`;
/*!40101 SET @saved_cs_client     = @@character_set_client */;
/*!40101 SET character_set_client = utf8 */;
CREATE TABLE `trades` (
  `id` int(11) NOT NULL AUTO_INCREMENT,
  `price` decimal(32,16) NOT NULL,
  `volume` decimal(32,16) NOT NULL,
  `ask_id` int(11) NOT NULL,
  `bid_id` int(11) NOT NULL,
  `trend` int(11) NOT NULL,
  `market_id` varchar(20) NOT NULL,
  `ask_member_id` int(11) NOT NULL,
  `bid_member_id` int(11) NOT NULL,
  `funds` decimal(32,16) NOT NULL,
  `created_at` datetime NOT NULL,
  `updated_at` datetime NOT NULL,
  PRIMARY KEY (`id`),
  KEY `index_trades_on_ask_id` (`ask_id`) USING BTREE,
  KEY `index_trades_on_bid_id` (`bid_id`) USING BTREE,
  KEY `index_trades_on_market_id_and_created_at` (`market_id`,`created_at`),
  KEY `index_trades_on_ask_member_id_and_bid_member_id` (`ask_member_id`,`bid_member_id`)
) ENGINE=InnoDB AUTO_INCREMENT=61 DEFAULT CHARSET=utf8;
/*!40101 SET character_set_client = @saved_cs_client */;

--
-- Dumping data for table `trades`
--

LOCK TABLES `trades` WRITE;
/*!40000 ALTER TABLE `trades` DISABLE KEYS */;
INSERT INTO `trades` VALUES (1,118.5000000000000000,0.1000000000000000,25,24,1,'ethusd',3,4,11.8500000000000000,'2019-01-23 09:00:04','2019-01-23 09:00:04'),(2,119.0000000000000000,0.1000000000000000,10,26,1,'ethusd',3,4,11.9000000000000000,'2019-01-23 09:02:02','2019-01-23 09:02:02'),(3,119.0000000000000000,0.1000000000000000,10,38,1,'ethusd',3,3,11.9000000000000000,'2019-01-23 11:30:51','2019-01-23 11:30:51'),(4,118.0000000000000000,0.1000000000000000,40,1,0,'ethusd',4,4,11.8000000000000000,'2019-01-23 11:31:21','2019-01-23 11:31:21'),(5,118.0000000000000000,0.1000000000000000,41,1,1,'ethusd',4,4,11.8000000000000000,'2019-01-23 11:31:36','2019-01-23 11:31:36'),(6,122.0000000000000000,0.2000000000000000,11,46,1,'ethusd',3,4,24.4000000000000000,'2019-01-23 11:32:43','2019-01-23 11:32:43'),(7,117.0000000000000000,0.2500000000000000,47,27,0,'ethusd',3,4,29.2500000000000000,'2019-01-23 11:32:45','2019-01-23 11:32:45'),(8,116.0000000000000000,0.1500000000000000,47,28,0,'ethusd',3,4,17.4000000000000000,'2019-01-23 11:32:45','2019-01-23 11:32:45'),(9,116.0000000000000000,0.1000000000000000,48,28,1,'ethusd',4,4,11.6000000000000000,'2019-01-23 11:32:53','2019-01-23 11:32:53'),(10,122.0000000000000000,0.1000000000000000,11,49,1,'ethusd',3,4,12.2000000000000000,'2019-01-23 11:33:18','2019-01-23 11:33:18'),(11,125.0000000000000000,0.0500000000000000,32,49,1,'ethusd',3,4,6.2500000000000000,'2019-01-23 11:33:18','2019-01-23 11:33:18'),(12,135.0000000000000000,0.0500000000000000,33,49,1,'ethusd',3,4,6.7500000000000000,'2019-01-23 11:33:18','2019-01-23 11:33:18'),(13,116.0000000000000000,0.0300000000000000,50,28,0,'ethusd',4,4,3.4800000000000000,'2019-01-23 11:33:28','2019-01-23 11:33:28'),(14,115.0000000000000000,0.0700000000000000,50,2,0,'ethusd',4,4,8.0500000000000000,'2019-01-23 11:33:28','2019-01-23 11:33:28'),(15,115.0000000000000000,0.1000000000000000,51,2,1,'ethusd',4,4,11.5000000000000000,'2019-01-23 11:33:43','2019-01-23 11:33:43'),(16,135.0000000000000000,0.0300000000000000,33,52,1,'ethusd',3,4,4.0500000000000000,'2019-01-23 11:34:00','2019-01-23 11:34:00'),(17,137.0000000000000000,0.2700000000000000,14,52,1,'ethusd',3,4,36.9900000000000000,'2019-01-23 11:34:00','2019-01-23 11:34:00'),(18,115.0000000000000000,0.1000000000000000,53,2,0,'ethusd',4,4,11.5000000000000000,'2019-01-23 11:34:46','2019-01-23 11:34:46'),(19,115.0000000000000000,0.0300000000000000,54,2,1,'ethusd',4,4,3.4500000000000000,'2019-01-23 11:35:10','2019-01-23 11:35:10'),(20,115.0000000000000000,0.0700000000000000,54,45,1,'ethusd',4,4,8.0500000000000000,'2019-01-23 11:35:10','2019-01-23 11:35:10'),(21,115.0000000000000000,0.1300000000000000,57,45,1,'ethusd',4,4,14.9500000000000000,'2019-01-23 11:36:07','2019-01-23 11:36:07'),(22,115.0000000000000000,0.0700000000000000,57,55,1,'ethusd',4,4,8.0500000000000000,'2019-01-23 11:36:07','2019-01-23 11:36:07'),(23,115.0000000000000000,0.0800000000000000,58,55,1,'ethusd',4,4,9.2000000000000000,'2019-01-23 11:36:23','2019-01-23 11:36:23'),(24,114.0000000000000000,0.1000000000000000,61,29,0,'ethusd',4,4,11.4000000000000000,'2019-01-23 11:37:16','2019-01-23 11:37:16'),(25,115.0000000000000000,0.0200000000000000,58,62,1,'ethusd',4,4,2.3000000000000000,'2019-01-23 11:37:39','2019-01-23 11:37:39'),(26,115.0000000000000000,0.0800000000000000,60,62,1,'ethusd',4,4,9.2000000000000000,'2019-01-23 11:37:39','2019-01-23 11:37:39'),(27,115.0000000000000000,0.2000000000000000,60,63,1,'ethusd',4,4,23.0000000000000000,'2019-01-23 11:37:46','2019-01-23 11:37:46'),(28,114.0000000000000000,0.1000000000000000,65,29,0,'ethusd',4,4,11.4000000000000000,'2019-01-23 11:38:49','2019-01-23 11:38:49'),(29,115.0000000000000000,0.0100000000000000,60,66,1,'ethusd',4,3,1.1500000000000000,'2019-01-23 11:38:54','2019-01-23 11:38:54'),(30,114.0000000000000000,0.0800000000000000,67,29,0,'ethusd',4,4,9.1200000000000000,'2019-01-23 11:39:46','2019-01-23 11:39:46'),(31,113.0000000000000000,0.0200000000000000,67,30,0,'ethusd',4,4,2.2600000000000000,'2019-01-23 11:39:46','2019-01-23 11:39:46'),(32,115.0000000000000000,0.1000000000000000,60,68,1,'ethusd',4,4,11.5000000000000000,'2019-01-23 11:40:09','2019-01-23 11:40:09'),(33,113.0000000000000000,0.2000000000000000,69,30,0,'ethusd',4,4,22.6000000000000000,'2019-01-23 11:40:17','2019-01-23 11:40:17'),(34,113.0000000000000000,0.0300000000000000,70,30,1,'ethusd',4,4,3.3900000000000000,'2019-01-23 11:40:27','2019-01-23 11:40:27'),(35,112.0000000000000000,0.1700000000000000,70,3,0,'ethusd',4,4,19.0400000000000000,'2019-01-23 11:40:27','2019-01-23 11:40:27'),(36,112.0000000000000000,0.0300000000000000,71,3,1,'ethusd',4,4,3.3600000000000000,'2019-01-23 11:41:20','2019-01-23 11:41:20'),(37,111.0000000000000000,0.1700000000000000,71,31,0,'ethusd',4,4,18.8700000000000000,'2019-01-23 11:41:20','2019-01-23 11:41:20'),(38,115.0000000000000000,0.0100000000000000,60,72,1,'ethusd',4,4,1.1500000000000000,'2019-01-23 11:41:30','2019-01-23 11:41:30'),(39,137.0000000000000000,0.0300000000000000,14,72,1,'ethusd',3,4,4.1100000000000000,'2019-01-23 11:41:30','2019-01-23 11:41:30'),(40,140.0000000000000000,0.0600000000000000,34,72,1,'ethusd',3,4,8.4000000000000000,'2019-01-23 11:41:30','2019-01-23 11:41:30'),(41,111.0000000000000000,0.0400000000000000,73,31,0,'ethusd',4,4,4.4400000000000000,'2019-01-23 11:41:43','2019-01-23 11:41:43'),(42,111.0000000000000000,0.1000000000000000,73,59,1,'ethusd',4,4,11.1000000000000000,'2019-01-23 11:41:43','2019-01-23 11:41:43'),(43,110.0000000000000000,0.0600000000000000,73,44,0,'ethusd',4,4,6.6000000000000000,'2019-01-23 11:41:43','2019-01-23 11:41:43'),(44,110.0000000000000000,0.1400000000000000,74,44,1,'ethusd',4,4,15.4000000000000000,'2019-01-23 11:42:22','2019-01-23 11:42:22'),(45,110.0000000000000000,0.0600000000000000,74,56,1,'ethusd',4,4,6.6000000000000000,'2019-01-23 11:42:22','2019-01-23 11:42:22'),(46,110.0000000000000000,0.0400000000000000,76,56,1,'ethusd',4,4,4.4000000000000000,'2019-01-23 11:42:54','2019-01-23 11:42:54'),(47,110.0000000000000000,0.1000000000000000,76,75,1,'ethusd',4,4,11.0000000000000000,'2019-01-23 11:42:54','2019-01-23 11:42:54'),(48,108.0000000000000000,0.4000000000000000,77,4,0,'ethusd',4,4,43.2000000000000000,'2019-01-23 11:43:32','2019-01-23 11:43:32'),(49,99.0000000000000000,0.1000000000000000,77,5,0,'ethusd',4,4,9.9000000000000000,'2019-01-23 11:43:32','2019-01-23 11:43:32'),(50,120.0000000000000000,0.1000000000000000,78,86,1,'ethusd',4,3,12.0000000000000000,'2019-01-23 13:38:04','2019-01-23 13:38:04'),(51,120.0000000000000000,0.1000000000000000,78,87,1,'ethusd',4,3,12.0000000000000000,'2019-01-23 13:38:07','2019-01-23 13:38:07'),(52,120.0000000000000000,0.1000000000000000,78,88,1,'ethusd',4,3,12.0000000000000000,'2019-01-23 13:38:08','2019-01-23 13:38:08'),(53,111.0000000000000000,0.2000000000000000,93,79,0,'ethusd',4,4,22.2000000000000000,'2019-01-23 13:49:44','2019-01-23 13:49:44'),(54,140.0000000000000000,0.0300000000000000,34,94,1,'ethusd',3,4,4.2000000000000000,'2019-01-23 13:50:06','2019-01-23 13:50:06'),(55,150.0000000000000000,0.0700000000000000,35,94,1,'ethusd',3,4,10.5000000000000000,'2019-01-23 13:50:06','2019-01-23 13:50:06'),(56,1000.0000000000000000,0.1000000000000000,95,96,1,'ethusd',4,3,100.0000000000000000,'2019-01-23 13:51:37','2019-01-23 13:51:37'),(57,1000.0000000000000000,0.1000000000000000,102,100,1,'ethusd',4,4,100.0000000000000000,'2019-01-23 13:54:25','2019-01-23 13:54:25'),(58,10.0000000000000000,0.1000000000000000,104,103,0,'ethusd',4,3,1.0000000000000000,'2019-01-23 13:55:42','2019-01-23 13:55:42'),(59,10.0000000000000000,0.1000000000000000,106,105,1,'ethusd',4,3,1.0000000000000000,'2019-01-23 13:56:25','2019-01-23 13:56:25'),(60,10.0000000000000000,0.1000000000000000,108,107,1,'ethusd',3,3,1.0000000000000000,'2019-01-23 13:58:51','2019-01-23 13:58:51');
/*!40000 ALTER TABLE `trades` ENABLE KEYS */;
UNLOCK TABLES;

--
-- Table structure for table `transfers`
--

DROP TABLE IF EXISTS `transfers`;
/*!40101 SET @saved_cs_client     = @@character_set_client */;
/*!40101 SET character_set_client = utf8 */;
CREATE TABLE `transfers` (
  `id` int(11) NOT NULL AUTO_INCREMENT,
  `key` int(11) NOT NULL,
  `kind` varchar(30) NOT NULL,
  `desc` varchar(255) DEFAULT '',
  `created_at` datetime NOT NULL,
  `updated_at` datetime NOT NULL,
  PRIMARY KEY (`id`),
  UNIQUE KEY `index_transfers_on_key` (`key`),
  KEY `index_transfers_on_kind` (`kind`)
) ENGINE=InnoDB DEFAULT CHARSET=utf8;
/*!40101 SET character_set_client = @saved_cs_client */;

--
-- Dumping data for table `transfers`
--

LOCK TABLES `transfers` WRITE;
/*!40000 ALTER TABLE `transfers` DISABLE KEYS */;
/*!40000 ALTER TABLE `transfers` ENABLE KEYS */;
UNLOCK TABLES;

--
-- Table structure for table `wallets`
--

DROP TABLE IF EXISTS `wallets`;
/*!40101 SET @saved_cs_client     = @@character_set_client */;
/*!40101 SET character_set_client = utf8 */;
CREATE TABLE `wallets` (
  `id` int(11) NOT NULL AUTO_INCREMENT,
  `blockchain_key` varchar(32) DEFAULT NULL,
  `currency_id` varchar(10) DEFAULT NULL,
  `name` varchar(64) DEFAULT NULL,
  `address` varchar(255) NOT NULL,
  `kind` int(11) NOT NULL,
  `nsig` int(11) DEFAULT NULL,
  `gateway` varchar(20) NOT NULL DEFAULT '',
  `settings` varchar(1000) NOT NULL DEFAULT '{}',
  `max_balance` decimal(32,16) NOT NULL DEFAULT '0.0000000000000000',
  `parent` int(11) DEFAULT NULL,
  `status` varchar(32) DEFAULT NULL,
  `created_at` datetime NOT NULL,
  `updated_at` datetime NOT NULL,
  PRIMARY KEY (`id`),
  KEY `index_wallets_on_status` (`status`),
  KEY `index_wallets_on_kind` (`kind`),
  KEY `index_wallets_on_currency_id` (`currency_id`),
  KEY `index_wallets_on_kind_and_currency_id_and_status` (`kind`,`currency_id`,`status`)
) ENGINE=InnoDB AUTO_INCREMENT=8 DEFAULT CHARSET=utf8;
/*!40101 SET character_set_client = @saved_cs_client */;

--
-- Dumping data for table `wallets`
--

LOCK TABLES `wallets` WRITE;
/*!40000 ALTER TABLE `wallets` DISABLE KEYS */;
INSERT INTO `wallets` VALUES (1,'eth-rinkeby','eth','Ethereum Deposit Wallet','0x2b9fBC10EbAeEc28a8Fc10069C0BC29E45eBEB9C',100,1,'parity','{\"uri\":\"http://parity:8545\",\"secret\":\"ChangeYourPassword\"}',0.0000000000000000,NULL,'active','2019-01-22 15:18:04','2019-01-22 15:18:04'),(2,'eth-rinkeby','eth','Ethereum Hot Wallet','0x5929589a8a566dab8734e83d6c846ab7b7fb5acd',310,1,'parity','{\"uri\":\"http://parity:8545\",\"secret\":\"test\"}',100.0000000000000000,NULL,'active','2019-01-22 15:18:04','2019-01-22 21:40:02'),(3,'eth-rinkeby','eth','Ethereum Warm Wallet','0x2b9fBC10EbAeEc28a8Fc10069C0BC29E45eBEB9C',320,1,'parity','{\"uri\":\"http://parity:8545\",\"secret\":\"test\"}',1000.0000000000000000,NULL,'active','2019-01-22 15:18:04','2019-01-22 15:18:04'),(4,'eth-rinkeby','kyn','Kayen Deposit Wallet','0xd5b4babbaced6ada70bc5251331f7494ad8f97f5',100,1,'parity','{\"uri\":\"http://parity:8545\",\"secret\":\"ChangeYourPassword\"}',0.0000000000000000,NULL,'active','2019-01-22 18:07:52','2019-01-22 19:26:18'),(5,'eth-rinkeby','trst','TRST Deposit Wallet','0x4f77b1b2b6ce79216fc9cc967a9ed016960acd60',100,1,'parity','{\"uri\":\"http://parity:8545\",\"secret\":\"ChangeYourPassword\"}',0.0000000000000000,NULL,'active','2019-01-22 18:08:08','2019-01-22 19:26:25'),(6,'eth-rinkeby','eth','Ethereum Fee Wallet','0x5929589a8a566dab8734e83d6c846ab7b7fb5acd',200,1,'parity','{\"uri\":\"http://parity:8545\",\"secret\":\"test\"}',0.0000000000000000,NULL,'active','2019-01-22 21:16:15','2019-01-22 21:40:16'),(7,'eth-rinkeby','kyn','KYN Hot Wallet','0x5929589a8a566dab8734e83d6c846ab7b7fb5acd',310,1,'parity','{\"uri\":\"http://parity:8545\",\"secret\":\"test\"}',0.0000000000000000,NULL,'active','2019-01-22 21:53:46','2019-01-22 21:53:46');
/*!40000 ALTER TABLE `wallets` ENABLE KEYS */;
UNLOCK TABLES;

--
-- Table structure for table `withdraws`
--

DROP TABLE IF EXISTS `withdraws`;
/*!40101 SET @saved_cs_client     = @@character_set_client */;
/*!40101 SET character_set_client = utf8 */;
CREATE TABLE `withdraws` (
  `id` int(11) NOT NULL AUTO_INCREMENT,
  `account_id` int(11) NOT NULL,
  `member_id` int(11) NOT NULL,
  `currency_id` varchar(10) NOT NULL,
  `amount` decimal(32,16) NOT NULL,
  `fee` decimal(32,16) NOT NULL,
  `txid` varchar(128) CHARACTER SET utf8 COLLATE utf8_bin DEFAULT NULL,
  `aasm_state` varchar(30) NOT NULL,
  `block_number` int(11) DEFAULT NULL,
  `sum` decimal(32,16) NOT NULL,
  `type` varchar(30) NOT NULL,
  `tid` varchar(64) CHARACTER SET utf8 COLLATE utf8_bin NOT NULL,
  `rid` varchar(95) NOT NULL,
  `created_at` datetime NOT NULL,
  `updated_at` datetime NOT NULL,
  `completed_at` datetime DEFAULT NULL,
  PRIMARY KEY (`id`),
  UNIQUE KEY `index_withdraws_on_currency_id_and_txid` (`currency_id`,`txid`),
  KEY `index_withdraws_on_currency_id` (`currency_id`),
  KEY `index_withdraws_on_aasm_state` (`aasm_state`),
  KEY `index_withdraws_on_account_id` (`account_id`),
  KEY `index_withdraws_on_member_id` (`member_id`),
  KEY `index_withdraws_on_type` (`type`),
  KEY `index_withdraws_on_tid` (`tid`)
) ENGINE=InnoDB DEFAULT CHARSET=utf8;
/*!40101 SET character_set_client = @saved_cs_client */;

--
-- Dumping data for table `withdraws`
--

LOCK TABLES `withdraws` WRITE;
/*!40000 ALTER TABLE `withdraws` DISABLE KEYS */;
/*!40000 ALTER TABLE `withdraws` ENABLE KEYS */;
UNLOCK TABLES;
/*!40103 SET TIME_ZONE=@OLD_TIME_ZONE */;

/*!40101 SET SQL_MODE=@OLD_SQL_MODE */;
/*!40014 SET FOREIGN_KEY_CHECKS=@OLD_FOREIGN_KEY_CHECKS */;
/*!40014 SET UNIQUE_CHECKS=@OLD_UNIQUE_CHECKS */;
/*!40101 SET CHARACTER_SET_CLIENT=@OLD_CHARACTER_SET_CLIENT */;
/*!40101 SET CHARACTER_SET_RESULTS=@OLD_CHARACTER_SET_RESULTS */;
/*!40101 SET COLLATION_CONNECTION=@OLD_COLLATION_CONNECTION */;
/*!40111 SET SQL_NOTES=@OLD_SQL_NOTES */;

-- Dump completed on 2019-01-31 17:58:37
